{"train_loss": [1.4806950795023064, 1.3975327968597413, 1.373658047224346, 1.3434676647186279, 1.321440399320502, 1.301690341296949, 1.282342965979325, 1.266771514164774, 1.238382467470671, 1.2239582137057656, 1.217196455754732, 1.1841373431055169, 1.163551467970798, 1.124001903910386, 1.1084782481193542, 1.0793265430550827, 1.0602524795030293, 1.0301282117241308, 0.9847341782168338, 0.9410975481334486, 0.906837292721397, 0.8714543367687024, 0.8315150718939932, 0.7842411888273139, 0.7634741739222878, 0.7202024299847453, 0.6863751740832078, 0.6298859709187558, 0.6065689886871137, 0.5650557950923317], "train_accuracy": [0.3896574440052701, 0.4552042160737813, 0.4627799736495389, 0.4782608695652174, 0.4795783926218709, 0.4868247694334651, 0.49604743083003955, 0.5019762845849802, 0.505270092226614, 0.5247035573122529, 0.5164690382081687, 0.5296442687747036, 0.5270092226613966, 0.5523715415019763, 0.5645586297760211, 0.5797101449275363, 0.5843214756258235, 0.591897233201581, 0.6136363636363636, 0.6469038208168643, 0.6538208168642952, 0.6676548089591567, 0.6877470355731226, 0.7160737812911726, 0.7236495388669302, 0.7444005270092227, 0.7628458498023716, 0.7859025032938076, 0.7997364953886693, 0.8211462450592886], "val_loss": [1.070529043674469, 1.082775342464447, 1.0814024448394775, 1.0220607280731202, 0.9779425978660583, 0.989530336856842, 0.9166194558143616, 0.9211984276771545, 0.8970994234085083, 1.0572843074798584, 0.8876353025436401, 0.8687220931053161, 0.8802215933799744, 0.9880240440368653, 0.9756358742713929, 0.9631356120109558, 0.9922898292541504, 0.9826059818267823, 0.9294096231460571, 0.9449710249900818, 1.0825316309928894, 1.100905752182007, 1.0495087862014771, 1.046789252758026, 1.0734073042869567, 1.1801207184791564, 1.106338620185852, 1.2101070642471314, 1.1122342586517333, 1.2158443808555603], "val_accuracy": [0.7814569536423841, 0.6423841059602649, 0.6026490066225165, 0.7615894039735099, 0.7417218543046358, 0.7218543046357616, 0.7152317880794702, 0.695364238410596, 0.7152317880794702, 0.5562913907284768, 0.7350993377483444, 0.7615894039735099, 0.7549668874172185, 0.609271523178808, 0.6357615894039735, 0.6357615894039735, 0.6622516556291391, 0.5827814569536424, 0.6490066225165563, 0.6490066225165563, 0.5960264900662252, 0.5562913907284768, 0.5960264900662252, 0.5562913907284768, 0.5695364238410596, 0.4768211920529801, 0.5894039735099338, 0.5496688741721855, 0.5629139072847682, 0.5761589403973509]}