{"train_loss": [1.4812364490408647, 1.3988936236030176, 1.3699570831499601, 1.34846681607397, 1.3261843712706314, 1.3054382437153866, 1.2838575752157915, 1.266708577306647, 1.2441575546013681, 1.2267003624062789, 1.2058265083714534, 1.1750082122652155, 1.1614163718725505, 1.1259689701230902, 1.1001005775050112, 1.0820509483939722, 1.041486984805057, 1.0011005715319985, 0.9609776314936186, 0.9351720540147078, 0.8693275181870711, 0.8557170259325128, 0.7951703059045891, 0.7987089025346856, 0.7294052914569252, 0.7062935778969213, 0.6588681782546796, 0.6067368965399893, 0.5662621529478776, 0.5489531093522122], "train_accuracy": [0.39822134387351776, 0.44729907773386035, 0.45882740447957837, 0.4683794466403162, 0.48320158102766797, 0.4871541501976285, 0.49703557312252966, 0.4904479578392622, 0.5059288537549407, 0.5191040843214756, 0.5174571805006588, 0.5352437417654808, 0.5329380764163373, 0.5596179183135704, 0.5612648221343873, 0.5734519104084321, 0.5886034255599473, 0.61133069828722, 0.6235177865612648, 0.6409749670619236, 0.6762187088274044, 0.6847826086956522, 0.7088274044795784, 0.7025691699604744, 0.7391304347826086, 0.7486824769433466, 0.7747035573122529, 0.8017127799736495, 0.8138998682476943, 0.8247694334650857], "val_loss": [1.0596416473388672, 1.0397730946540833, 1.0393574476242065, 0.9700440168380737, 1.0198695421218873, 0.8868414402008057, 0.9284862160682679, 0.9454671740531921, 0.9835598587989807, 0.8867072343826294, 0.9847838044166565, 0.9555256605148316, 0.9810942649841309, 1.0602847814559937, 0.9145203232765198, 1.0428235411643982, 0.9613663196563721, 0.8903658628463745, 1.0297255039215087, 1.0125089883804321, 0.9829627752304078, 1.033413326740265, 1.0374092698097228, 1.0562692284584045, 1.1466410160064697, 1.2679836750030518, 1.1737658262252808, 1.1429538488388062, 1.1038819670677185, 1.3186671733856201], "val_accuracy": [0.7947019867549668, 0.7284768211920529, 0.7483443708609272, 0.7152317880794702, 0.7152317880794702, 0.7682119205298014, 0.7152317880794702, 0.7218543046357616, 0.7152317880794702, 0.7152317880794702, 0.7152317880794702, 0.6754966887417219, 0.6158940397350994, 0.6158940397350994, 0.6821192052980133, 0.5960264900662252, 0.6158940397350994, 0.6688741721854304, 0.5629139072847682, 0.6026490066225165, 0.6158940397350994, 0.5562913907284768, 0.609271523178808, 0.5761589403973509, 0.5033112582781457, 0.47019867549668876, 0.5165562913907285, 0.5231788079470199, 0.5960264900662252, 0.5033112582781457]}