{"train_loss": [1.4834406589206897, 1.402929909605729, 1.360264505838093, 1.341856541131672, 1.3174149651276439, 1.3056186086253116, 1.2904550615109895, 1.2656213954875344, 1.2391858665566695, 1.2274876556898418, 1.2003440543224937, 1.1826798470396744, 1.1672681231247752, 1.1260019760382802, 1.0987174975244622, 1.0677375159765545, 1.038959419099908, 1.0051845600730493, 0.9782481362945155, 0.9391080988080878, 0.9215207727331864, 0.8722619859795822, 0.8271805148375662, 0.787890024561631, 0.7619538959703948, 0.7053488583941209, 0.6704011295971117, 0.6580929771849984, 0.6082484784879183, 0.550117576122284], "train_accuracy": [0.38998682476943347, 0.44565217391304346, 0.4782608695652174, 0.475296442687747, 0.47397891963109356, 0.4888010540184453, 0.49670619235836627, 0.5023056653491436, 0.5144927536231884, 0.5095520421607378, 0.5247035573122529, 0.5296442687747036, 0.5319499341238472, 0.5559947299077734, 0.5652173913043478, 0.5790513833992095, 0.5843214756258235, 0.6123188405797102, 0.621870882740448, 0.6383399209486166, 0.647562582345191, 0.6699604743083004, 0.6877470355731226, 0.7104743083003953, 0.7183794466403162, 0.752635046113307, 0.764163372859025, 0.7684453227931489, 0.7990777338603425, 0.8201581027667985], "val_loss": [1.0584844589233398, 1.0495608687400817, 0.9854865908622742, 0.9783008217811584, 0.9653298616409302, 0.9841395735740661, 0.920700216293335, 0.9769625902175904, 0.9621023297309875, 0.9573575496673584, 0.9007853031158447, 1.0234746932983398, 1.0108446717262267, 0.9348443150520325, 0.918605637550354, 0.9824288845062256, 1.0006531953811646, 0.9552596807479858, 0.9670238852500915, 1.0007628083229065, 0.9425976514816284, 1.0854894876480103, 1.2176337361335754, 1.1201549768447876, 1.0465512871742249, 1.2688138961791993, 1.1432470321655273, 1.240312433242798, 1.0853718042373657, 1.103976833820343], "val_accuracy": [0.7350993377483444, 0.7549668874172185, 0.7417218543046358, 0.695364238410596, 0.7814569536423841, 0.7350993377483444, 0.7748344370860927, 0.6423841059602649, 0.6688741721854304, 0.7086092715231788, 0.7152317880794702, 0.5364238410596026, 0.695364238410596, 0.6821192052980133, 0.695364238410596, 0.6357615894039735, 0.6225165562913907, 0.5894039735099338, 0.6291390728476821, 0.6490066225165563, 0.6490066225165563, 0.5761589403973509, 0.5099337748344371, 0.5562913907284768, 0.5960264900662252, 0.45695364238410596, 0.5629139072847682, 0.46357615894039733, 0.5298013245033113, 0.5960264900662252]}