{"train_loss": [1.4843437746951456, 1.3978709145596153, 1.3779480005565443, 1.3501883908321983, 1.3193691316403842, 1.302300793246219, 1.2875409214120161, 1.2617781068149365, 1.2499189088219091, 1.2208211541175842, 1.204187736385747, 1.1759308645599766, 1.1519464812780682, 1.1347768689456739, 1.0895954590094716, 1.0751529655958476, 1.037674031132146, 1.0172814042944658, 0.979111585491582, 0.9226719799794649, 0.9106518607390555, 0.8670935317089683, 0.8383248511113619, 0.7922080523089359, 0.7601724778351031, 0.7099109737496627, 0.6709501159818549, 0.6511083239003231, 0.6033110813090675, 0.5794338119657416], "train_accuracy": [0.38603425559947296, 0.45718050065876153, 0.45652173913043476, 0.47299077733860345, 0.48188405797101447, 0.48616600790513836, 0.49538866930171277, 0.49703557312252966, 0.5055994729907773, 0.5128458498023716, 0.5227272727272727, 0.5391963109354414, 0.5349143610013175, 0.5507246376811594, 0.5648880105401844, 0.5744400527009222, 0.5965085638998683, 0.6060606060606061, 0.6215415019762845, 0.6452569169960475, 0.6508563899868248, 0.6818181818181818, 0.6877470355731226, 0.7127799736495388, 0.7249670619235836, 0.7559288537549407, 0.7697628458498024, 0.7786561264822134, 0.803030303030303, 0.8175230566534915], "val_loss": [1.1289764165878295, 1.0319442868232727, 0.9525793790817261, 0.9923377752304077, 1.0196166157722473, 0.9028960227966308, 0.9743725538253785, 0.9240248084068299, 0.964214563369751, 0.934988009929657, 0.8384869217872619, 1.0086254000663757, 1.022703754901886, 0.9069456219673157, 1.1060701370239259, 0.9777011275291443, 0.9500150799751281, 1.0607489347457886, 0.9677245259284973, 1.027513360977173, 0.9624754667282105, 1.1119882583618164, 1.004357397556305, 0.9853375315666199, 1.064766776561737, 1.1551503658294677, 1.0981420874595642, 1.0893081307411194, 1.1392457962036133, 1.1730362176895142], "val_accuracy": [0.7483443708609272, 0.7284768211920529, 0.7880794701986755, 0.7417218543046358, 0.6490066225165563, 0.7880794701986755, 0.7152317880794702, 0.7284768211920529, 0.7152317880794702, 0.7483443708609272, 0.7483443708609272, 0.5960264900662252, 0.6291390728476821, 0.6490066225165563, 0.5960264900662252, 0.6357615894039735, 0.6291390728476821, 0.609271523178808, 0.6357615894039735, 0.6291390728476821, 0.6225165562913907, 0.5629139072847682, 0.5827814569536424, 0.6026490066225165, 0.5761589403973509, 0.5231788079470199, 0.5629139072847682, 0.5761589403973509, 0.5562913907284768, 0.5960264900662252]}