{"train_loss": [1.4913456126263267, 1.400601433452807, 1.3702700163188735, 1.352026327032792, 1.3238958383861341, 1.31335381959614, 1.2868920934827703, 1.2634747316962793, 1.2444139831944516, 1.2290016889572144, 1.2087508170228256, 1.1755865266448573, 1.1716561624878332, 1.1388263934536984, 1.1050137275143674, 1.070518157984081, 1.050541773595308, 1.0073514938354493, 0.9780088198812384, 0.9402092318785819, 0.8942248520098235, 0.8803517278872038, 0.8369726162207755, 0.7745543643047935, 0.7522260841570403, 0.7264837606957084, 0.6750418477936795, 0.6301573282793949, 0.6041083467634101, 0.5664118186423653], "train_accuracy": [0.3883399209486166, 0.4489459815546772, 0.45849802371541504, 0.47035573122529645, 0.4841897233201581, 0.48122529644268774, 0.49242424242424243, 0.514163372859025, 0.5032938076416338, 0.5121870882740448, 0.5230566534914362, 0.5349143610013175, 0.5316205533596838, 0.541501976284585, 0.563570487483531, 0.5843214756258235, 0.5895915678524374, 0.6103425559947299, 0.6222002635046113, 0.636034255599473, 0.6643610013175231, 0.6706192358366272, 0.680171277997365, 0.7266139657444005, 0.7325428194993412, 0.7394598155467721, 0.7625164690382081, 0.7898550724637681, 0.7984189723320159, 0.8158761528326746], "val_loss": [1.1505718946456909, 1.0016755223274232, 0.9765212416648865, 1.0439536213874816, 1.0560565352439881, 0.9285176753997803, 1.0056888937950135, 0.8994701147079468, 0.9418067336082458, 0.9665795207023621, 0.9187209129333496, 0.9010834336280823, 0.962137770652771, 0.947173798084259, 0.9596406698226929, 0.9194147825241089, 0.963899040222168, 0.9889743566513062, 1.0317020654678344, 1.0663172483444214, 0.999664843082428, 1.039561653137207, 1.0960505962371827, 1.091257131099701, 1.0498629331588745, 1.130079174041748, 1.1891282677650452, 1.0956454873085022, 1.1059202551841736, 1.1618482708930968], "val_accuracy": [0.6754966887417219, 0.7814569536423841, 0.7350993377483444, 0.7483443708609272, 0.6291390728476821, 0.7218543046357616, 0.6821192052980133, 0.7682119205298014, 0.7086092715231788, 0.6821192052980133, 0.7284768211920529, 0.7152317880794702, 0.7086092715231788, 0.6622516556291391, 0.6423841059602649, 0.6821192052980133, 0.6556291390728477, 0.609271523178808, 0.6357615894039735, 0.5761589403973509, 0.5960264900662252, 0.5894039735099338, 0.5165562913907285, 0.5827814569536424, 0.5827814569536424, 0.5695364238410596, 0.5165562913907285, 0.5761589403973509, 0.6026490066225165, 0.5496688741721855]}