{"train_loss": [1.4785288798181635, 1.4062537343878494, 1.3689735462791042, 1.3449504902488307, 1.3261938741332606, 1.301466649457028, 1.2910433311211436, 1.2642053579029284, 1.2461013191624692, 1.2255845270658794, 1.2037928267529137, 1.183431961661891, 1.1627021331536143, 1.1297294516312448, 1.1023425077137194, 1.081412812910582, 1.0596631771639773, 1.0236779043548985, 1.006631106451938, 0.9433157814176459, 0.90734346226642, 0.8705580472946167, 0.8302747456650985, 0.7949133120085063, 0.7607956073786083, 0.7075697531825618, 0.6693085246964505, 0.6454353774848737, 0.610760864458586, 0.5746732385534989], "train_accuracy": [0.4034914361001318, 0.4505928853754941, 0.4598155467720685, 0.46673254281949933, 0.4769433465085639, 0.4874835309617918, 0.4904479578392622, 0.49538866930171277, 0.5069169960474308, 0.5151515151515151, 0.5220685111989459, 0.5395256916996047, 0.5349143610013175, 0.5500658761528326, 0.5645586297760211, 0.5783926218708827, 0.5862977602108037, 0.6057312252964426, 0.6027667984189723, 0.6426218708827405, 0.6630434782608695, 0.6762187088274044, 0.6857707509881423, 0.7091567852437418, 0.72167325428195, 0.7611989459815547, 0.7681159420289855, 0.7822793148880105, 0.7987483530961792, 0.8168642951251647], "val_loss": [1.127635407447815, 1.055914616584778, 0.9287819743156434, 0.9344142794609069, 0.9741543769836426, 0.9815796852111817, 1.0095619797706603, 0.9685405492782593, 0.9804556369781494, 0.8952407240867615, 1.0020615458488464, 1.0097615242004394, 1.0525781989097596, 1.0327990293502807, 0.9336931586265564, 1.0156349897384644, 1.0484793066978455, 0.8996398568153381, 0.9980493307113647, 1.042502474784851, 0.8876126527786254, 1.0188827872276307, 1.0626855731010436, 1.1401073575019836, 1.0864071369171142, 1.0865797877311707, 1.1904483914375306, 1.1733346700668335, 1.3194384813308715, 1.2276331067085267], "val_accuracy": [0.6490066225165563, 0.7152317880794702, 0.7748344370860927, 0.7748344370860927, 0.7086092715231788, 0.7615894039735099, 0.6754966887417219, 0.6754966887417219, 0.7284768211920529, 0.7218543046357616, 0.6622516556291391, 0.695364238410596, 0.6026490066225165, 0.5827814569536424, 0.6357615894039735, 0.5695364238410596, 0.5761589403973509, 0.6423841059602649, 0.6225165562913907, 0.609271523178808, 0.6622516556291391, 0.5894039735099338, 0.5496688741721855, 0.5761589403973509, 0.5894039735099338, 0.5629139072847682, 0.5496688741721855, 0.5894039735099338, 0.45695364238410596, 0.5231788079470199]}