{"train_loss": [1.492325210571289, 1.403532143643028, 1.3698453890649895, 1.342849920925341, 1.3207042738011008, 1.297747792695698, 1.2822359775242052, 1.2602104375236913, 1.2345129929090801, 1.2213598031746713, 1.187727197220451, 1.1750411046178717, 1.1492183961366351, 1.1046346971863195, 1.0715075072489286, 1.0481556547315498, 1.007411068991611, 0.9707105454645659, 0.9370536076395135, 0.9187141569037186, 0.8576744343105115, 0.828199837709728, 0.7860114825399298, 0.7405108069118701, 0.7219830302815688, 0.675140843265935, 0.6165498275505868, 0.5793774990659011, 0.5534042565446151, 0.5250570686239945], "train_accuracy": [0.3955862977602108, 0.4479578392621871, 0.45783926218708826, 0.480566534914361, 0.48320158102766797, 0.49374176548089593, 0.49670619235836627, 0.505270092226614, 0.5111989459815547, 0.5135046113306982, 0.5316205533596838, 0.5293148880105402, 0.5385375494071146, 0.5550065876152833, 0.5764163372859025, 0.5853096179183136, 0.6044137022397892, 0.6175889328063241, 0.6442687747035574, 0.6439393939393939, 0.6781949934123848, 0.6844532279314888, 0.7157444005270093, 0.7266139657444005, 0.7407773386034255, 0.7638339920948617, 0.7947957839262187, 0.8138998682476943, 0.8201581027667985, 0.8333333333333334], "val_loss": [1.155643844604492, 1.007892894744873, 0.9587840437889099, 0.9589702486991882, 0.9552716374397278, 0.976839542388916, 0.9256101131439209, 0.9075018644332886, 0.9853405117988586, 0.9731819987297058, 0.9189957499504089, 1.0360425233840942, 0.9486217379570008, 0.9718376159667969, 0.924269950389862, 0.912392508983612, 0.9600285530090332, 0.9513564109802246, 1.0085168480873108, 1.207236123085022, 1.0511085391044617, 1.1122624278068542, 1.1199239373207093, 1.1125405192375184, 1.2194744110107423, 1.0885512948036193, 1.2205050468444825, 1.1589918851852417, 1.1637101411819457, 1.2712552785873412], "val_accuracy": [0.695364238410596, 0.7880794701986755, 0.7350993377483444, 0.7615894039735099, 0.7350993377483444, 0.7086092715231788, 0.7417218543046358, 0.7814569536423841, 0.7218543046357616, 0.6688741721854304, 0.7284768211920529, 0.6754966887417219, 0.6754966887417219, 0.6357615894039735, 0.6357615894039735, 0.6887417218543046, 0.6490066225165563, 0.6423841059602649, 0.6026490066225165, 0.48344370860927155, 0.5562913907284768, 0.5695364238410596, 0.543046357615894, 0.5827814569536424, 0.5165562913907285, 0.5562913907284768, 0.5364238410596026, 0.5695364238410596, 0.5165562913907285, 0.5231788079470199]}