{"train_loss": [1.4817438690285933, 1.4006523571516338, 1.3684711305718673, 1.3484361472882722, 1.3232650631352474, 1.2996164936768382, 1.286618195082012, 1.2706522301623695, 1.2571031106145758, 1.2314199792711358, 1.213608397935566, 1.1887678773779617, 1.1768807448838887, 1.1391899704933166, 1.1134012441886099, 1.0845647278584931, 1.0662946726146498, 1.0271660340459723, 0.9969801344369588, 0.9721438765525818, 0.9330695465991371, 0.8815022230148315, 0.8677220325720938, 0.8154789366220173, 0.7746036623653613, 0.7336655880275526, 0.7109408918179964, 0.6882943203574733, 0.6272132873535157, 0.5861561630901537], "train_accuracy": [0.38504611330698285, 0.4512516469038208, 0.4644268774703557, 0.46870882740447956, 0.4749670619235837, 0.4901185770750988, 0.4980237154150198, 0.49242424242424243, 0.5072463768115942, 0.5079051383399209, 0.5138339920948617, 0.5276679841897233, 0.5332674571805006, 0.5395256916996047, 0.5523715415019763, 0.5760869565217391, 0.575098814229249, 0.5935441370223979, 0.6106719367588933, 0.6215415019762845, 0.6370223978919631, 0.6564558629776021, 0.6637022397891963, 0.6877470355731226, 0.7206851119894598, 0.7335309617918313, 0.744729907773386, 0.7539525691699605, 0.7882081686429513, 0.8112648221343873], "val_loss": [1.005762803554535, 1.0184877276420594, 0.9637558698654175, 0.9658692121505738, 0.9891379714012146, 0.9553359150886536, 0.9013286828994751, 1.01915385723114, 0.9329691767692566, 1.00532728433609, 0.967125654220581, 0.9470867156982422, 1.010284388065338, 0.9148577451705933, 0.9295995473861695, 0.9418181419372559, 0.9730025053024292, 1.0798109292984008, 1.0715354919433593, 1.0680837988853455, 0.9798343181610107, 1.0953914284706117, 0.9926334500312806, 1.0961578607559204, 0.9943860173225403, 1.1731141328811645, 1.0385680079460144, 1.125143575668335, 1.1643283128738404, 1.1725088238716126], "val_accuracy": [0.7549668874172185, 0.7748344370860927, 0.7086092715231788, 0.7350993377483444, 0.695364238410596, 0.7615894039735099, 0.7880794701986755, 0.6357615894039735, 0.7218543046357616, 0.6754966887417219, 0.7019867549668874, 0.6688741721854304, 0.6158940397350994, 0.695364238410596, 0.6622516556291391, 0.6688741721854304, 0.6225165562913907, 0.5496688741721855, 0.609271523178808, 0.5827814569536424, 0.6556291390728477, 0.543046357615894, 0.6158940397350994, 0.5960264900662252, 0.6158940397350994, 0.4900662251655629, 0.6291390728476821, 0.5695364238410596, 0.5562913907284768, 0.5894039735099338]}