{"train_loss": [1.486498290614078, 1.3969337400637174, 1.3727806317178826, 1.344588872006065, 1.3243900964134618, 1.2995680495312338, 1.28594330110048, 1.2647451457224395, 1.247628004299967, 1.2266167665782728, 1.2031517179388749, 1.1771369883888647, 1.159341479602613, 1.1389829171331305, 1.0988541182718778, 1.075622748701196, 1.0349010956914801, 1.0100621166982149, 0.9817099445744565, 0.9438867819936652, 0.9101710790082028, 0.889963510161952, 0.8413451219859877, 0.818334572566183, 0.7630426824092865, 0.7382319905255971, 0.6918883784821159, 0.6476405818211405, 0.6292240136548093, 0.5783858377682535], "train_accuracy": [0.38570487483530963, 0.4535573122529644, 0.45948616600790515, 0.4749670619235837, 0.48089591567852435, 0.48221343873517786, 0.4851778656126482, 0.5, 0.5065876152832675, 0.5098814229249012, 0.5200922266139657, 0.5289855072463768, 0.5471014492753623, 0.5497364953886693, 0.5731225296442688, 0.5714756258234519, 0.5968379446640316, 0.6001317523056654, 0.6195652173913043, 0.6409749670619236, 0.6515151515151515, 0.6548089591567853, 0.6831357048748353, 0.6940052700922266, 0.7183794466403162, 0.7345191040843215, 0.7611989459815547, 0.7760210803689065, 0.7779973649538867, 0.8122529644268774], "val_loss": [1.061203932762146, 1.0829854249954223, 1.0317783117294312, 1.0152444124221802, 0.9815051436424256, 1.0367872595787049, 0.9863532304763794, 0.9244396686553955, 0.9720695734024047, 0.8810453057289124, 0.8300059795379638, 0.940324854850769, 0.9466243863105774, 1.0250494718551635, 1.005707025527954, 0.9482294678688049, 0.891697371006012, 1.073772370815277, 0.9817285418510437, 0.972781240940094, 0.975651216506958, 1.0091238498687745, 1.0556926608085633, 1.0497190117836, 1.0417793035507201, 1.0589566707611084, 1.1519333600997925, 1.1393762826919556, 1.1567352890968323, 1.1360159397125245], "val_accuracy": [0.7350993377483444, 0.7417218543046358, 0.7483443708609272, 0.7218543046357616, 0.7350993377483444, 0.7218543046357616, 0.7483443708609272, 0.7284768211920529, 0.6754966887417219, 0.7218543046357616, 0.7549668874172185, 0.6887417218543046, 0.695364238410596, 0.6158940397350994, 0.6225165562913907, 0.6622516556291391, 0.7019867549668874, 0.5231788079470199, 0.6225165562913907, 0.6225165562913907, 0.6423841059602649, 0.6357615894039735, 0.5562913907284768, 0.543046357615894, 0.5629139072847682, 0.5894039735099338, 0.5298013245033113, 0.5894039735099338, 0.5364238410596026, 0.5894039735099338]}