{"train_loss": [1.4841582335923846, 1.4042163058331139, 1.3731031894683838, 1.3456288576126099, 1.3264287296094392, 1.3075154630761399, 1.2797773436496132, 1.2663478129788448, 1.2391667328382794, 1.23112809783534, 1.2121805360442715, 1.1777127278478523, 1.153524777136351, 1.1264991283416748, 1.100541927939967, 1.0661897151093733, 1.0333151453419736, 1.0225183480664304, 0.9724899097492821, 0.9333925956173947, 0.8983020813841569, 0.8819857704012017, 0.8118815265203777, 0.793794468202089, 0.7654538938873693, 0.7026818015073475, 0.6779384208352942, 0.630091255903244, 0.5948968583031704, 0.5692111178448326], "train_accuracy": [0.39822134387351776, 0.4499341238471673, 0.46903820816864294, 0.47266139657444006, 0.4736495388669302, 0.49308300395256915, 0.5006587615283268, 0.49407114624505927, 0.5148221343873518, 0.5121870882740448, 0.5171277997364954, 0.5322793148880105, 0.5378787878787878, 0.5569828722002635, 0.5767457180500659, 0.580368906455863, 0.6001317523056654, 0.6067193675889329, 0.6189064558629777, 0.6413043478260869, 0.658102766798419, 0.6693017127799736, 0.6982872200263505, 0.7035573122529645, 0.7256258234519104, 0.7611989459815547, 0.769433465085639, 0.7928194993412385, 0.8129117259552042, 0.819828722002635], "val_loss": [1.0002098679542542, 1.0577414512634278, 0.9841119885444641, 1.0123995184898376, 0.969748342037201, 0.9331654071807861, 0.8887175559997559, 0.9521147727966308, 0.9791504144668579, 0.9709876179695129, 0.9527554750442505, 0.9719985246658325, 1.0148100018501283, 0.8529128432273865, 0.9217431426048279, 1.0202878355979919, 1.0240569233894348, 1.109191656112671, 1.0188068389892577, 1.0426854252815247, 0.964068615436554, 1.1193300008773803, 1.1412906169891357, 1.067487108707428, 1.1116577863693238, 1.132920515537262, 1.2804865837097168, 1.1938800573349, 1.0528086304664612, 1.2836260557174684], "val_accuracy": [0.7284768211920529, 0.7880794701986755, 0.7549668874172185, 0.7218543046357616, 0.7549668874172185, 0.7350993377483444, 0.7483443708609272, 0.7218543046357616, 0.6821192052980133, 0.6490066225165563, 0.6291390728476821, 0.6688741721854304, 0.6423841059602649, 0.695364238410596, 0.6490066225165563, 0.6357615894039735, 0.5761589403973509, 0.543046357615894, 0.6158940397350994, 0.6158940397350994, 0.6357615894039735, 0.5298013245033113, 0.5562913907284768, 0.5827814569536424, 0.5894039735099338, 0.5894039735099338, 0.4966887417218543, 0.5695364238410596, 0.6158940397350994, 0.4966887417218543]}