{"train_loss": [1.5092660163578233, 1.438968146474738, 1.4269394008736862, 1.397082297425521, 1.385186495279011, 1.3727756450050757, 1.3556625843048096, 1.3455415562579507, 1.3370163265027497, 1.3285678537268388, 1.3191798147402312, 1.3173974589297646, 1.2986803217938072, 1.2908457906622635, 1.2936906977703697, 1.281038088547556, 1.2759566809001721, 1.2603062893214978, 1.2485666017783315, 1.2456366507630598, 1.2379309829912688, 1.2208062479370518, 1.2217809463802136, 1.1940763366849798, 1.1900501326510782, 1.1738300662291676, 1.1662423754993239, 1.1576975326789052, 1.1405450915035449, 1.1265170705945868], "train_accuracy": [0.36264822134387353, 0.43379446640316205, 0.4403820816864295, 0.45454545454545453, 0.4575098814229249, 0.45718050065876153, 0.4647562582345191, 0.4756258234519104, 0.4782608695652174, 0.4766139657444005, 0.4851778656126482, 0.48353096179183136, 0.485836627140975, 0.4888010540184453, 0.4894598155467721, 0.48353096179183136, 0.4950592885375494, 0.502635046113307, 0.5111989459815547, 0.5042819499341239, 0.5154808959156785, 0.516798418972332, 0.5200922266139657, 0.5243741765480896, 0.5299736495388669, 0.5329380764163373, 0.538866930171278, 0.5438076416337286, 0.5434782608695652, 0.553030303030303], "val_loss": [1.109961986541748, 1.0702962398529052, 1.0565094232559205, 1.0484690189361572, 1.040320634841919, 0.9882075071334839, 0.9998086333274842, 0.9946253418922424, 0.946125590801239, 0.9222559094429016, 1.0119763612747192, 0.962632668018341, 0.9331815361976623, 0.9421789407730102, 0.9811378240585327, 0.9364531636238098, 0.9680520296096802, 0.9687527060508728, 1.0042459487915039, 0.894320261478424, 0.9088128805160522, 0.9176283478736877, 0.8746618628501892, 0.9303960561752319, 0.9565579891204834, 0.9210371017456055, 0.9654265284538269, 0.960739278793335, 0.9743520498275757, 0.8863879799842834], "val_accuracy": [0.7218543046357616, 0.7549668874172185, 0.7218543046357616, 0.7284768211920529, 0.7549668874172185, 0.7483443708609272, 0.7615894039735099, 0.7218543046357616, 0.7748344370860927, 0.8013245033112583, 0.7615894039735099, 0.7880794701986755, 0.7682119205298014, 0.7218543046357616, 0.7019867549668874, 0.7284768211920529, 0.7417218543046358, 0.7549668874172185, 0.7086092715231788, 0.7615894039735099, 0.7086092715231788, 0.7483443708609272, 0.7549668874172185, 0.7483443708609272, 0.6754966887417219, 0.7284768211920529, 0.7019867549668874, 0.695364238410596, 0.6225165562913907, 0.7152317880794702]}