{"train_loss": [1.5023926446312352, 1.4341509078678332, 1.4125834226608276, 1.4007826918049862, 1.3862039076654535, 1.3680036180897763, 1.358404108725096, 1.3480282118445948, 1.3363382063413922, 1.3237842722942954, 1.3195893457061365, 1.3073981147063405, 1.304421325733787, 1.2945908828785544, 1.2749505137142383, 1.2726806966882003, 1.2681837113280046, 1.2527085072115849, 1.2493262253309552, 1.2396048727788422, 1.2258437294709055, 1.2162434220314027, 1.2094506414313064, 1.1927913452449599, 1.1741303550569635, 1.1667625496261997, 1.1604073292330692, 1.1569297125464992, 1.1435036922755994, 1.1277356530490674], "train_accuracy": [0.37187088274044794, 0.4262187088274045, 0.4380764163372859, 0.44729907773386035, 0.4525691699604743, 0.46047430830039526, 0.47101449275362317, 0.47266139657444006, 0.47002635046113306, 0.4766139657444005, 0.4851778656126482, 0.48188405797101447, 0.4897891963109354, 0.4904479578392622, 0.49176548089591565, 0.5082345191040843, 0.5003293807641633, 0.5069169960474308, 0.5069169960474308, 0.5135046113306982, 0.5105401844532279, 0.5187747035573123, 0.5237154150197628, 0.5191040843214756, 0.5411725955204216, 0.5428194993412385, 0.5382081686429513, 0.5365612648221344, 0.5480895915678524, 0.5586297760210803], "val_loss": [1.0502641916275024, 1.140509009361267, 1.0424572348594665, 1.0580075263977051, 0.9702022671699524, 1.0829152464866638, 1.0686238408088684, 1.0012564420700074, 0.971770167350769, 0.9578415036201477, 1.0140296816825867, 0.9970587253570556, 0.8934711575508117, 0.9003085136413574, 0.9350829124450684, 0.948499059677124, 0.9093480825424194, 0.9641208529472352, 0.8890377521514893, 0.9448884487152099, 0.9385860562324524, 0.9096401929855347, 0.925675344467163, 0.947261106967926, 0.9547775149345398, 0.9354156851768494, 0.915602171421051, 0.9061485409736634, 0.9274649739265441, 0.8895264983177185], "val_accuracy": [0.7748344370860927, 0.6821192052980133, 0.7549668874172185, 0.6887417218543046, 0.7814569536423841, 0.7350993377483444, 0.6887417218543046, 0.7483443708609272, 0.7549668874172185, 0.7814569536423841, 0.7350993377483444, 0.7615894039735099, 0.7483443708609272, 0.7483443708609272, 0.7417218543046358, 0.7814569536423841, 0.7549668874172185, 0.7350993377483444, 0.7615894039735099, 0.7682119205298014, 0.7483443708609272, 0.7019867549668874, 0.7019867549668874, 0.7019867549668874, 0.7019867549668874, 0.7284768211920529, 0.7152317880794702, 0.6821192052980133, 0.6821192052980133, 0.7152317880794702]}