{"train_loss": [1.4885143756866455, 1.3984143470463, 1.3756589588366057, 1.3543886925044812, 1.3275195937407644, 1.3093110548822504, 1.3027467131614685, 1.278002705072102, 1.2585857949758832, 1.2455457022315577, 1.2130387343858418, 1.1963477749573557, 1.1679516779749017, 1.1642051326601128, 1.1130104522956046, 1.0804349447551527, 1.072797812286176, 1.030114547829879, 0.9984426918782686, 0.9605566394956488, 0.9255395167752316, 0.8949098204311572, 0.8400934733842549, 0.8079520012203015, 0.7643034985190944, 0.7252797004423643, 0.7016919873262707, 0.641790057797181, 0.6100118862955194, 0.587596753396486], "train_accuracy": [0.3847167325428195, 0.4489459815546772, 0.463768115942029, 0.4673913043478261, 0.47266139657444006, 0.4881422924901186, 0.4894598155467721, 0.49670619235836627, 0.5046113306982872, 0.5062582345191041, 0.5154808959156785, 0.5352437417654808, 0.546772068511199, 0.5276679841897233, 0.5566534914361001, 0.5691699604743083, 0.5797101449275363, 0.5935441370223979, 0.6067193675889329, 0.6274703557312253, 0.6452569169960475, 0.6567852437417655, 0.6831357048748353, 0.703227931488801, 0.7170619235836627, 0.7434123847167325, 0.7516469038208169, 0.7862318840579711, 0.8007246376811594, 0.8003952569169961], "val_loss": [1.0746214270591736, 1.0959834814071656, 0.9661341667175293, 1.0194998145103455, 0.9948663592338562, 0.900322163105011, 1.042743194103241, 0.9351268291473389, 0.9517053365707397, 0.8855026960372925, 0.9356131196022034, 0.9701270699501038, 0.9664157629013062, 0.9282473206520081, 0.9028557658195495, 0.9755242943763733, 0.9305706858634949, 1.02854825258255, 1.023687970638275, 1.0455404043197631, 1.033519196510315, 1.0340253949165343, 1.044753909111023, 1.0699365258216857, 1.0716684937477112, 1.1516316652297973, 1.1342637658119201, 1.088952624797821, 1.1079068899154663, 1.107512366771698], "val_accuracy": [0.7086092715231788, 0.5827814569536424, 0.7549668874172185, 0.7350993377483444, 0.7615894039735099, 0.7350993377483444, 0.7218543046357616, 0.7682119205298014, 0.7086092715231788, 0.7748344370860927, 0.6688741721854304, 0.6556291390728477, 0.6490066225165563, 0.7086092715231788, 0.6225165562913907, 0.6291390728476821, 0.6754966887417219, 0.6490066225165563, 0.5629139072847682, 0.5960264900662252, 0.5827814569536424, 0.6158940397350994, 0.6423841059602649, 0.5298013245033113, 0.6026490066225165, 0.5364238410596026, 0.5231788079470199, 0.5496688741721855, 0.5695364238410596, 0.5695364238410596]}