{"train_loss": [1.4851169347763062, 1.4042479113528603, 1.375054295439469, 1.3452163432773792, 1.3286060151300931, 1.3146599004143162, 1.2861611190595126, 1.2762449264526368, 1.2563189268112183, 1.242567319619028, 1.226208331710414, 1.1892838421620822, 1.172961654161152, 1.1415188412917288, 1.1370675695569892, 1.0872779858739752, 1.055475773936824, 1.0315667836289657, 0.9896221568709925, 0.9744514333574396, 0.9275990429677461, 0.8898356331022163, 0.8517217755317688, 0.8218031312289991, 0.7984153358559859, 0.7341705714401446, 0.7046437003110585, 0.6495512739608162, 0.646197027281711, 0.5937389957277398], "train_accuracy": [0.3817523056653491, 0.45092226613965747, 0.46080368906455865, 0.47266139657444006, 0.4743083003952569, 0.4845191040843215, 0.49538866930171277, 0.49407114624505927, 0.5059288537549407, 0.5059288537549407, 0.5128458498023716, 0.5250329380764164, 0.5342555994729907, 0.5484189723320159, 0.5471014492753623, 0.5708168642951251, 0.5800395256916996, 0.5994729907773386, 0.6136363636363636, 0.6142951251646904, 0.6426218708827405, 0.6597496706192358, 0.6814888010540184, 0.6930171277997365, 0.6972990777338604, 0.7364953886693018, 0.7490118577075099, 0.7842555994729907, 0.7806324110671937, 0.8066534914361001], "val_loss": [1.0906047344207763, 1.0125356435775756, 0.9931577682495117, 1.0239032626152038, 0.9768736839294434, 0.8893114924430847, 0.9965798735618592, 0.9622830033302308, 0.9246719479560852, 1.0430524945259094, 0.880620801448822, 0.9487738013267517, 0.9638436079025269, 0.9896440029144287, 0.9760332703590393, 0.9152827858924866, 1.0150050520896912, 1.0569058060646057, 1.0087348341941833, 0.9657851934432984, 0.9869280695915222, 1.0652894735336305, 1.0608327031135558, 1.1303466439247132, 1.058533525466919, 1.133159875869751, 1.1606635689735412, 1.1278581380844117, 1.2094926953315734, 1.1711101055145263], "val_accuracy": [0.7417218543046358, 0.7615894039735099, 0.7483443708609272, 0.7350993377483444, 0.7417218543046358, 0.7615894039735099, 0.7086092715231788, 0.7350993377483444, 0.7218543046357616, 0.5960264900662252, 0.7019867549668874, 0.7152317880794702, 0.6423841059602649, 0.6026490066225165, 0.6357615894039735, 0.6556291390728477, 0.6291390728476821, 0.5496688741721855, 0.6225165562913907, 0.6291390728476821, 0.6556291390728477, 0.5629139072847682, 0.5761589403973509, 0.5894039735099338, 0.5496688741721855, 0.5231788079470199, 0.5364238410596026, 0.5695364238410596, 0.5033112582781457, 0.5496688741721855]}