{"train_loss": [1.4815261702788503, 1.3998154677842793, 1.3647623087230483, 1.3466949839341014, 1.3181532119449817, 1.2992432443719162, 1.27626863216099, 1.264614264588607, 1.244375407068353, 1.2305696719571164, 1.1947133792074103, 1.1772348887041995, 1.1515713710533946, 1.1254439297475314, 1.0924104420762313, 1.0647343284205386, 1.0668447626264472, 1.022187750590475, 0.9704652710964805], "train_accuracy": [0.3955862977602108, 0.44861660079051385, 0.4654150197628458, 0.46870882740447956, 0.4864953886693017, 0.49571805006587616, 0.49440052700922266, 0.5009881422924901, 0.5042819499341239, 0.5075757575757576, 0.5240447957839263, 0.5378787878787878, 0.5444664031620553, 0.5602766798418972, 0.5652173913043478, 0.5770750988142292, 0.5741106719367589, 0.6017786561264822, 0.6251646903820817], "val_loss": [1.176249384880066, 1.1021917343139649, 0.9934557676315308, 0.9553763508796692, 0.920162832736969, 0.9122216582298279, 0.9378479957580567, 0.9528650164604187, 0.9680835723876953, 0.9119870781898498, 0.9347656726837158, 0.9377772688865662, 0.9332725524902343, 0.9029078841209411, 0.9535911083221436, 1.1204124808311462, 0.9694218635559082, 0.9405767560005188, 0.9315815091133117], "val_accuracy": [0.5033112582781457, 0.7086092715231788, 0.7086092715231788, 0.7417218543046358, 0.7748344370860927, 0.7814569536423841, 0.6821192052980133, 0.7350993377483444, 0.7152317880794702, 0.7086092715231788, 0.6754966887417219, 0.7086092715231788, 0.7152317880794702, 0.6887417218543046, 0.6158940397350994, 0.5695364238410596, 0.6754966887417219, 0.6357615894039735, 0.7019867549668874]}