{"train_loss": [83.63664543628693, 33.33134886622429, 24.56599198281765, 19.5882850587368, 17.772374853491783, 15.869063368067145, 13.262889018282294, 12.681764468550682, 11.64246616885066, 10.544389797374606, 9.555087547749281, 8.589225996285677, 9.51328086759895, 7.344037452712655, 6.954344284720719, 5.790269726421684, 5.818862023297697, 5.274995490908623, 4.916064667049795, 4.425640448229387, 4.173082181252539, 4.369413499720395, 3.771355432458222], "train_acc": [0.8928571428571429, 0.8214285714285714, 0.8928571428571429, 0.8928571428571429, 0.9642857142857143, 0.9642857142857143, 1.0, 0.9285714285714286, 0.9642857142857143, 0.9642857142857143, 1.0, 0.9642857142857143, 0.9285714285714286, 0.9642857142857143, 1.0, 1.0, 0.9642857142857143, 1.0, 1.0, 0.9642857142857143, 1.0, 1.0, 1.0], "val_loss": [2.1424399316310883, 1.3402513563632965, 1.1730127185583115, 0.9749251082539558, 0.9774703606963158, 0.9055011197924614, 0.8460757359862328, 0.7840076498687267, 0.8776756525039673, 0.7816657964140177, 0.7655004784464836, 0.8220346998423338, 0.8358252458274364, 0.8033523932099342, 0.7581497244536877, 0.823414271697402, 0.7174336649477482, 0.6738287340849638, 0.8327342290431261, 1.0059781456366181, 0.8483797926455736, 0.8492125235497952, 0.7610758626833558], "val_acc": [0.8881578947368421, 0.9210526315789473, 0.9342105263157895, 0.9407894736842105, 0.9473684210526315, 0.9473684210526315, 0.9539473684210527, 0.9473684210526315, 0.9539473684210527, 0.9342105263157895, 0.9539473684210527, 0.9539473684210527, 0.9473684210526315, 0.9605263157894737, 0.9539473684210527, 0.9539473684210527, 0.9539473684210527, 0.9605263157894737, 0.9605263157894737, 0.9473684210526315, 0.9605263157894737, 0.9473684210526315, 0.9539473684210527], "val_f1": [0.8847415453089796, 0.9201506687389284, 0.9331869662114907, 0.9396778058615696, 0.9459419237625268, 0.9464490154780105, 0.9532005771361055, 0.946438849260914, 0.953134445262899, 0.9333243815956248, 0.9525707147487591, 0.9531493129405678, 0.9464490154780105, 0.9598464735284539, 0.9529099328781723, 0.9531493129405678, 0.9531493129405678, 0.9598363073113575, 0.9598363073113575, 0.9462947733918128, 0.9598464735284539, 0.946438849260914, 0.952899766661076], "val_recall": [0.8881578947368421, 0.9210526315789473, 0.9342105263157895, 0.9407894736842105, 0.9473684210526315, 0.9473684210526315, 0.9539473684210527, 0.9473684210526315, 0.9539473684210527, 0.9342105263157895, 0.9539473684210527, 0.9539473684210527, 0.9473684210526315, 0.9605263157894737, 0.9539473684210527, 0.9539473684210527, 0.9539473684210527, 0.9605263157894737, 0.9605263157894737, 0.9473684210526315, 0.9605263157894737, 0.9473684210526315, 0.9539473684210527], "val_precision": [0.8962065492385858, 0.9202446009176166, 0.9341760921700806, 0.9422235168799792, 0.9479999918375341, 0.947239612808904, 0.9562354095925297, 0.9472018706804891, 0.9546244930967447, 0.9359358705986996, 0.956403259569378, 0.9537923411094351, 0.947239612808904, 0.9608546489625065, 0.9542327901968182, 0.9537923411094351, 0.9537923411094351, 0.9608169068340914, 0.9608169068340914, 0.9507638058213717, 0.9608546489625065, 0.9472018706804891, 0.9541950480684033]}