{"train_loss": [84.51526972651482, 32.981973990798, 24.91405326128006, 20.658702991902828, 17.323465138673782, 15.259651575237513, 13.858842816203833, 12.801624674350023, 11.443443983793259, 10.708907997235656, 9.672689280472696, 8.704483363777399, 8.192894525825977, 7.362928512506187, 7.178877595346421, 6.294972525909543, 6.083616457879543, 5.454419217072427, 5.030356859322637, 4.77235268522054, 4.80307186068967, 4.308571864850819, 3.8794357939623296, 3.249817419797182, 2.8154123194981366], "train_acc": [0.8928571428571429, 0.9285714285714286, 0.8571428571428571, 1.0, 0.9642857142857143, 0.9285714285714286, 0.9285714285714286, 0.9642857142857143, 1.0, 0.9285714285714286, 0.9285714285714286, 0.9285714285714286, 0.9642857142857143, 0.8214285714285714, 1.0, 0.9642857142857143, 0.9642857142857143, 1.0, 0.9642857142857143, 0.9642857142857143, 1.0, 1.0, 0.9642857142857143, 1.0, 0.9642857142857143], "val_loss": [2.1831391751766205, 1.539066731929779, 1.2394890040159225, 1.0040791183710098, 1.0370638370513916, 0.8964139632880688, 0.9191781468689442, 0.824189517647028, 0.8893804773688316, 0.8505712319165468, 0.8761088103055954, 0.8730949051678181, 0.7931297346949577, 0.7599812150001526, 0.8471367508172989, 0.9665908664464951, 0.7457409054040909, 0.8072421029210091, 0.7981888577342033, 0.6583405528217554, 0.8529634885489941, 0.8879977166652679, 0.8224038891494274, 0.8113467348739505, 0.8160207886248827], "val_acc": [0.9013157894736842, 0.8947368421052632, 0.9342105263157895, 0.9539473684210527, 0.9473684210526315, 0.9473684210526315, 0.9539473684210527, 0.9605263157894737, 0.9539473684210527, 0.9605263157894737, 0.9473684210526315, 0.9539473684210527, 0.9473684210526315, 0.9539473684210527, 0.9473684210526315, 0.9473684210526315, 0.9473684210526315, 0.9473684210526315, 0.9605263157894737, 0.9473684210526315, 0.9605263157894737, 0.9539473684210527, 0.9605263157894737, 0.9539473684210527, 0.9605263157894737], "val_f1": [0.8992438444174501, 0.8920692962064178, 0.9323546580125528, 0.9525808809658554, 0.9463182504907646, 0.9462425484615493, 0.9525808809658554, 0.9595690675495178, 0.9530194964044744, 0.9595690675495178, 0.9465956558061821, 0.9525808809658554, 0.946438849260914, 0.9531594791576642, 0.9459317575454304, 0.9462157536667334, 0.946438849260914, 0.946438849260914, 0.9598464735284539, 0.9467950259310183, 0.9598363073113575, 0.9531493129405678, 0.9598363073113575, 0.952899766661076, 0.9598363073113575], "val_recall": [0.9013157894736842, 0.8947368421052632, 0.9342105263157895, 0.9539473684210527, 0.9473684210526315, 0.9473684210526315, 0.9539473684210527, 0.9605263157894737, 0.9539473684210527, 0.9605263157894737, 0.9473684210526315, 0.9539473684210527, 0.9473684210526315, 0.9539473684210527, 0.9473684210526315, 0.9473684210526315, 0.9473684210526315, 0.9473684210526315, 0.9605263157894737, 0.9473684210526315, 0.9605263157894737, 0.9539473684210527, 0.9605263157894737, 0.9539473684210527, 0.9605263157894737], "val_precision": [0.9009654681940865, 0.902125163761677, 0.9409041126000485, 0.9564410016977929, 0.9482015548329635, 0.9467650067535357, 0.9564410016977929, 0.9622108446519524, 0.9544516463088725, 0.9622108446519524, 0.9482331322645944, 0.9564410016977929, 0.9472018706804891, 0.9538300832378498, 0.9479622497091195, 0.9506578947368421, 0.9472018706804891, 0.9472018706804891, 0.9608546489625065, 0.9472436417748917, 0.9608169068340914, 0.9537923411094351, 0.9608169068340914, 0.9541950480684033, 0.9608169068340914]}