{"train_loss": [83.36878496408463, 32.78562285006046, 24.424973487854004, 19.94187643751502, 17.22491753846407, 15.312465274706483, 13.901868749409914, 13.193997571244836, 11.984661143273115, 10.324647556990385, 9.397274900227785, 8.986001957207918, 8.558579487726092], "train_acc": [0.75, 0.9642857142857143, 0.9285714285714286, 0.9285714285714286, 0.8571428571428571, 1.0, 0.8928571428571429, 1.0, 0.9642857142857143, 1.0, 1.0, 0.8928571428571429, 0.9285714285714286], "val_loss": [2.1199759542942047, 1.318906381726265, 1.286109983921051, 0.9651656672358513, 0.9338914528489113, 0.8750363942235708, 0.8226158171892166, 0.7858054526150227, 0.8247705269604921, 0.7898687571287155, 0.8341415226459503, 0.8889154689386487, 0.795472064986825], "val_acc": [0.9078947368421053, 0.9276315789473685, 0.9407894736842105, 0.9342105263157895, 0.9473684210526315, 0.9473684210526315, 0.9605263157894737, 0.9539473684210527, 0.9605263157894737, 0.9473684210526315, 0.9539473684210527, 0.9342105263157895, 0.9473684210526315], "val_f1": [0.9062844181773567, 0.9257114879652613, 0.939849030406971, 0.9327111818949155, 0.9462425484615493, 0.9455447330447331, 0.9595690675495178, 0.9532039402503958, 0.9595690675495178, 0.9462157536667334, 0.953353229565141, 0.9332602262397633, 0.946438849260914], "val_recall": [0.9078947368421053, 0.9276315789473685, 0.9407894736842105, 0.9342105263157895, 0.9473684210526315, 0.9473684210526315, 0.9605263157894737, 0.9539473684210527, 0.9605263157894737, 0.9473684210526315, 0.9539473684210527, 0.9342105263157895, 0.9473684210526315], "val_precision": [0.9187018432906591, 0.9284131058390926, 0.9444901315789473, 0.9336488896450897, 0.9467650067535357, 0.9510208461954006, 0.9622108446519524, 0.9564277376910016, 0.9622108446519524, 0.9506578947368421, 0.9542708628089039, 0.9352562870243792, 0.9472018706804891]}