{"train_loss": {"0": 83.11176568865775, "1": 32.55843272507191, "2": 24.235696155577898, "3": 20.164126870781182, "4": 17.418511896952985, "5": 15.38747963681817, "6": 13.678379013948142, "7": 12.484882608428597, "8": 11.5103301839903, "9": 10.39443182516843, "10": 9.505100036785006, "11": 8.771392308501527, "12": 8.451022637356072, "13": 7.357601959025487, "14": 6.725533585607384, "15": 6.104865151767929, "16": 5.866041016221668, "17": 5.2082510681357235, "18": 4.754943177243694, "19": 4.418683874281124, "20": 3.992063224222511, "21": 3.825935259810649, "22": 3.37507299631834, "23": 3.013270583935082, "24": 2.540265402640216, "25": 2.3120794815476984, "26": 1.869383132783696}, "train_acc": {"0": 0.8642857142857142, "1": 0.8892857142857142, "2": 0.9178571428571429, "3": 0.925, "4": 0.925, "5": 0.9642857142857142, "6": 0.95, "7": 0.975, "8": 0.975, "9": 0.9464285714285715, "10": 0.9642857142857142, "11": 0.9678571428571429, "12": 0.9571428571428571, "13": 0.96875, "14": 0.9821428571428572, "15": 0.9821428571428571, "16": 0.9821428571428572, "17": 0.9880952380952381, "18": 0.9857142857142858, "19": 0.9714285714285715, "20": 0.9928571428571429, "21": 0.9928571428571429, "22": 0.9857142857142858, "23": 1.0, "24": 0.9821428571428572, "25": 1.0, "26": 1.0}, "val_loss": {"0": 2.1271285727620124, "1": 1.3915995731949806, "2": 1.166225878149271, "3": 1.0475822996348143, "4": 0.9685068756341935, "5": 0.9016073619946837, "6": 0.8560993663966656, "7": 0.8464711584150791, "8": 0.8244164516218007, "9": 0.8234108293429017, "10": 0.7911365898326039, "11": 0.8307574675418437, "12": 0.8006095927208662, "13": 0.7894938159734011, "14": 0.7997288551802436, "15": 0.8340817469482621, "16": 0.7590411100536585, "17": 0.7246522850667437, "18": 0.8228120066225528, "19": 0.8077770173549652, "20": 0.802867540717125, "21": 0.8380349578335882, "22": 0.797945013223216, "23": 0.7734931143932045, "24": 0.7869161530397832, "25": 0.842978211119771, "26": 0.855248985812068}, "val_acc": {"0": 0.8927631578947368, "1": 0.9217105263157895, "2": 0.9394736842105263, "3": 0.9381578947368421, "4": 0.9467105263157893, "5": 0.9486842105263158, "6": 0.9532894736842106, "7": 0.9473684210526315, "8": 0.95, "9": 0.9506578947368421, "10": 0.9526315789473685, "11": 0.9486842105263158, "12": 0.9486842105263158, "13": 0.9514802631578947, "14": 0.9528508771929824, "15": 0.9517543859649122, "16": 0.9495614035087719, "17": 0.9572368421052632, "18": 0.9578947368421054, "19": 0.9486842105263158, "20": 0.9605263157894737, "21": 0.9565789473684211, "22": 0.9578947368421054, "23": 0.9539473684210527, "24": 0.9605263157894737, "25": 0.9539473684210527, "26": 0.9605263157894737}, "val_f1": {"0": 0.8897918089976345, "1": 0.9203304127033359, "2": 0.9381611829255225, "3": 0.9367834090090333, "4": 0.9454639186847151, "5": 0.9474793852418302, "6": 0.9521062633946684, "7": 0.9463580701752414, "8": 0.9490441276048489, "9": 0.9496727595309953, "10": 0.9517443566918382, "11": 0.9477255269762914, "12": 0.9476807392969182, "13": 0.9506357907741849, "14": 0.9518597332220445, "15": 0.9508156466653589, "16": 0.9487697147360964, "17": 0.9564792566754767, "18": 0.9569979139122008, "19": 0.947751123112193, "20": 0.9598953753106869, "21": 0.9557691568594194, "22": 0.9569958806687815, "23": 0.952899766661076, "24": 0.9598363073113575, "25": 0.9533835582069582, "26": 0.9598363073113575}, "val_recall": {"0": 0.8927631578947368, "1": 0.9217105263157895, "2": 0.9394736842105263, "3": 0.9381578947368421, "4": 0.9467105263157893, "5": 0.9486842105263158, "6": 0.9532894736842106, "7": 0.9473684210526315, "8": 0.95, "9": 0.9506578947368421, "10": 0.9526315789473685, "11": 0.9486842105263158, "12": 0.9486842105263158, "13": 0.9514802631578947, "14": 0.9528508771929824, "15": 0.9517543859649122, "16": 0.9495614035087719, "17": 0.9572368421052632, "18": 0.9578947368421054, "19": 0.9486842105263158, "20": 0.9605263157894737, "21": 0.9565789473684211, "22": 0.9578947368421054, "23": 0.9539473684210527, "24": 0.9605263157894737, "25": 0.9539473684210527, "26": 0.9605263157894737}, "val_precision": {"0": 0.9000385770800075, "1": 0.9241710084990385, "2": 0.9425089140202887, "3": 0.9407608769207622, "4": 0.949120230413906, "5": 0.9496783240929378, "6": 0.9551520061756262, "7": 0.9489716899446323, "8": 0.9509035856983733, "9": 0.9524821352378059, "10": 0.9531033998314026, "11": 0.9497161163285026, "12": 0.9497103784034403, "13": 0.9524253663349879, "14": 0.953205029930944, "15": 0.9537670838145873, "16": 0.9501065468692297, "17": 0.9576785358634069, "18": 0.958617354053694, "19": 0.9499437446612212, "20": 0.9612303189779992, "21": 0.9568743020990951, "22": 0.9586098056280111, "23": 0.9541950480684033, "24": 0.9608169068340914, "25": 0.9538298135621184, "26": 0.9608169068340914}}