{"train_loss": [85.40388262271881, 33.2937470972538, 24.204715572297573, 21.01681512594223, 17.078144941478968, 15.444011732935905, 13.82055040821433, 12.294353771954775, 11.360448077321053, 10.69577575661242, 9.641072494909167, 8.38972407579422, 8.791566547006369], "train_acc": [0.7857142857142857, 0.8571428571428571, 0.9642857142857143, 0.8928571428571429, 0.9642857142857143, 0.9642857142857143, 0.9642857142857143, 1.0, 0.9642857142857143, 0.9642857142857143, 1.0, 1.0, 1.0], "val_loss": [2.14133420586586, 1.406609982252121, 1.0928713232278824, 1.0208107754588127, 0.8750183060765266, 0.915488675236702, 0.8238087072968483, 0.7190097719430923, 0.7533536814153194, 0.7802729438990355, 0.8041251450777054, 0.7873146198689938, 0.9533948861062527], "val_acc": [0.9013157894736842, 0.9407894736842105, 0.9407894736842105, 0.9342105263157895, 0.9605263157894737, 0.9473684210526315, 0.9473684210526315, 0.9539473684210527, 0.9473684210526315, 0.9539473684210527, 0.9473684210526315, 0.9605263157894737, 0.9407894736842105], "val_f1": [0.899177034710448, 0.9401278399034311, 0.9392339906218696, 0.9333774583316213, 0.9595690675495178, 0.9464490154780105, 0.9464490154780105, 0.9531594791576642, 0.9464490154780105, 0.9525808809658554, 0.946438849260914, 0.9600643121873186, 0.9393502102794866], "val_recall": [0.9013157894736842, 0.9407894736842105, 0.9407894736842105, 0.9342105263157895, 0.9605263157894737, 0.9473684210526315, 0.9473684210526315, 0.9539473684210527, 0.9473684210526315, 0.9539473684210527, 0.9473684210526315, 0.9605263157894737, 0.9407894736842105], "val_precision": [0.907004433638444, 0.9453036313209494, 0.9419239402083095, 0.9382600677830941, 0.9622108446519524, 0.947239612808904, 0.947239612808904, 0.9538300832378498, 0.947239612808904, 0.9564410016977929, 0.9472018706804891, 0.9606345408976987, 0.9456624829955906]}