{"train_loss": [81.11072382330894, 31.356481462717056, 23.690566696226597, 20.05650245398283, 16.96659466251731, 15.665030296891928, 13.442160122096539, 12.418599275872111, 11.49647755175829, 10.046805394813418, 9.576909614726901, 8.658855823799968, 7.811340001411736, 7.467273476533592], "train_acc": [1.0, 0.9285714285714286, 0.9642857142857143, 0.9642857142857143, 0.9285714285714286, 0.9285714285714286, 1.0, 0.9642857142857143, 0.9642857142857143, 0.9642857142857143, 0.8928571428571429, 0.9642857142857143, 0.9285714285714286, 1.0], "val_loss": [2.0615700483322144, 1.3614538460969925, 1.1489501744508743, 1.0434215888381004, 1.0064592808485031, 0.9344166144728661, 0.8147019371390343, 0.7968321591615677, 0.7249274626374245, 0.9484568387269974, 0.7443647012114525, 0.7363468557596207, 0.7525497041642666, 0.7510840147733688], "val_acc": [0.875, 0.9210526315789473, 0.9473684210526315, 0.9407894736842105, 0.9407894736842105, 0.9473684210526315, 0.9539473684210527, 0.9473684210526315, 0.9407894736842105, 0.9473684210526315, 0.9473684210526315, 0.9473684210526315, 0.9539473684210527, 0.9473684210526315], "val_f1": [0.8698543143373565, 0.9199230478716008, 0.9463084795321638, 0.939359381340899, 0.9395517482230165, 0.9462425484615493, 0.9525808809658554, 0.9464490154780105, 0.9395452597040282, 0.9462157536667334, 0.946438849260914, 0.946438849260914, 0.952899766661076, 0.946438849260914], "val_recall": [0.875, 0.9210526315789473, 0.9473684210526315, 0.9407894736842105, 0.9407894736842105, 0.9473684210526315, 0.9539473684210527, 0.9473684210526315, 0.9407894736842105, 0.9473684210526315, 0.9473684210526315, 0.9473684210526315, 0.9539473684210527, 0.9473684210526315], "val_precision": [0.8828909651278071, 0.9207745927318295, 0.9508152540901375, 0.9417858046558706, 0.9438733552631579, 0.9467650067535357, 0.9564410016977929, 0.947239612808904, 0.939710801052396, 0.9506578947368421, 0.9472018706804891, 0.9472018706804891, 0.9541950480684033, 0.9472018706804891]}