{"train_loss": [82.52587375044823, 31.925992414355278, 23.902752228081226, 19.506221417337656, 17.386111818253994, 14.862444002181292, 13.94376377761364, 12.277514906600118, 11.446686932817101, 10.85813195258379, 9.21665751002729, 8.787424348294735, 8.371168438345194, 7.523229739628732, 6.725990959443152, 5.963628084398806, 5.687229391653091, 5.231694190762937, 4.80528183397837, 4.071249419590458, 3.6410819576121867, 3.585297326091677, 3.072456669062376], "train_acc": [0.8214285714285714, 0.8571428571428571, 0.9642857142857143, 0.9642857142857143, 0.9285714285714286, 0.9285714285714286, 0.9285714285714286, 1.0, 1.0, 0.9285714285714286, 0.9285714285714286, 1.0, 0.9642857142857143, 1.0, 0.9642857142857143, 0.9285714285714286, 0.9642857142857143, 1.0, 1.0, 1.0, 0.9642857142857143, 1.0, 1.0], "val_loss": [2.20274618268013, 1.410553216934204, 1.3715925067663193, 0.9850433580577374, 0.9614523872733116, 0.9719831421971321, 0.9394282400608063, 0.818748127669096, 0.7594082280993462, 0.8122138902544975, 0.7889083065092564, 0.8185832276940346, 0.7368733175098896, 0.8791332729160786, 0.9298579320311546, 0.7173559106886387, 0.7757791578769684, 0.6860872954130173, 0.8808877803385258, 0.7775334240868688, 0.8471569679677486, 0.897466647438705, 0.7724616900086403], "val_acc": [0.881578947368421, 0.9276315789473685, 0.9276315789473685, 0.9407894736842105, 0.9407894736842105, 0.9539473684210527, 0.9342105263157895, 0.9473684210526315, 0.9539473684210527, 0.9539473684210527, 0.9539473684210527, 0.9473684210526315, 0.9539473684210527, 0.9473684210526315, 0.9605263157894737, 0.9605263157894737, 0.9605263157894737, 0.9605263157894737, 0.9539473684210527, 0.9539473684210527, 0.9605263157894737, 0.9605263157894737, 0.9605263157894737], "val_f1": [0.8776137296823376, 0.9259629680011432, 0.9255236223527853, 0.939359381340899, 0.9393639164198375, 0.9525808809658554, 0.9317860231464362, 0.9467943518585421, 0.9531594791576642, 0.9533312447786132, 0.9531594791576642, 0.9465448055790503, 0.9531493129405678, 0.946438849260914, 0.9595589013324215, 0.9598464735284539, 0.9598363073113575, 0.9598363073113575, 0.9525707147487591, 0.952899766661076, 0.9598464735284539, 0.9598363073113575, 0.9598363073113575], "val_recall": [0.881578947368421, 0.9276315789473685, 0.9276315789473685, 0.9407894736842105, 0.9407894736842105, 0.9539473684210527, 0.9342105263157895, 0.9473684210526315, 0.9539473684210527, 0.9539473684210527, 0.9539473684210527, 0.9473684210526315, 0.9539473684210527, 0.9473684210526315, 0.9605263157894737, 0.9605263157894737, 0.9605263157894737, 0.9605263157894737, 0.9539473684210527, 0.9539473684210527, 0.9605263157894737, 0.9605263157894737, 0.9605263157894737], "val_precision": [0.8953682479086512, 0.9307449100284821, 0.9330891148325358, 0.9417858046558706, 0.9457139312643563, 0.9564410016977929, 0.9392506479266348, 0.948046976276899, 0.9538300832378498, 0.9552074490662139, 0.9538300832378498, 0.9484496832358674, 0.9537923411094351, 0.9472018706804891, 0.9621731025235376, 0.9608546489625065, 0.9608169068340914, 0.9608169068340914, 0.956403259569378, 0.9541950480684033, 0.9608546489625065, 0.9608169068340914, 0.9608169068340914]}