{"train_loss": [82.89790219068527, 32.111728087067604, 23.712037831544876, 19.255204867571592, 17.688527014106512, 14.990312725305557, 13.48258064314723, 12.512573905289173, 11.410029763355851, 10.169810004532337, 9.595631365664303, 9.374915277585387, 8.30604518763721, 6.9207560662180185, 6.597586985677481, 6.227803166024387, 5.799979503732175, 4.7449604058638215, 4.61681083869189, 4.633072672411799, 3.828965216409415, 3.2425151807256043, 2.8027650783769786, 2.776723748072982, 2.2651184857822955, 2.3120794815476984, 1.869383132783696], "train_acc": [0.9285714285714286, 0.9285714285714286, 0.8928571428571429, 1.0, 0.9642857142857143, 1.0, 0.9285714285714286, 0.9642857142857143, 0.9642857142857143, 0.8928571428571429, 0.9642857142857143, 0.9642857142857143, 1.0, 1.0, 0.9642857142857143, 1.0, 1.0, 1.0, 0.9642857142857143, 0.9642857142857143, 1.0, 0.9642857142857143, 1.0, 1.0, 1.0, 1.0, 1.0], "val_loss": [2.0800783038139343, 1.3374127894639969, 1.095577821135521, 1.1191267147660255, 1.0686542391777039, 0.869645681232214, 0.8064827732741833, 1.140605390071869, 0.8178664520382881, 0.8274646736681461, 0.7527847662568092, 0.8206046000123024, 0.8343671597540379, 0.7507732268422842, 0.7401977367699146, 0.852265153080225, 0.7844682335853577, 0.7816348485648632, 0.7059131665155292, 0.7676420249044895, 0.7541176211088896, 0.7021325547248125, 0.864111103117466, 0.7356394939124584, 0.7578115174546838, 0.842978211119771, 0.855248985812068], "val_acc": [0.9013157894736842, 0.9342105263157895, 0.9407894736842105, 0.9210526315789473, 0.9276315789473685, 0.9539473684210527, 0.9605263157894737, 0.9144736842105263, 0.9473684210526315, 0.9539473684210527, 0.9473684210526315, 0.9407894736842105, 0.9407894736842105, 0.9473684210526315, 0.9473684210526315, 0.9539473684210527, 0.9539473684210527, 0.9605263157894737, 0.9539473684210527, 0.9407894736842105, 0.9671052631578947, 0.9539473684210527, 0.9539473684210527, 0.9539473684210527, 0.9605263157894737, 0.9539473684210527, 0.9605263157894737], "val_f1": [0.9005060591820462, 0.9331869662114907, 0.939359381340899, 0.9197055769495482, 0.9259895307134306, 0.9529099328781723, 0.9598363073113575, 0.9124870862754934, 0.9467943518585421, 0.9534813462293318, 0.9460445291213319, 0.939971232478846, 0.939971232478846, 0.9466816961584996, 0.9464490154780105, 0.9525808809658554, 0.952899766661076, 0.9595589013324215, 0.952899766661076, 0.9401851686112024, 0.9667607511894141, 0.952899766661076, 0.9525707147487591, 0.952899766661076, 0.9598363073113575, 0.9533835582069582, 0.9598363073113575], "val_recall": [0.9013157894736842, 0.9342105263157895, 0.9407894736842105, 0.9210526315789473, 0.9276315789473685, 0.9539473684210527, 0.9605263157894737, 0.9144736842105263, 0.9473684210526315, 0.9539473684210527, 0.9473684210526315, 0.9407894736842105, 0.9407894736842105, 0.9473684210526315, 0.9473684210526315, 0.9539473684210527, 0.9539473684210527, 0.9605263157894737, 0.9539473684210527, 0.9407894736842105, 0.9671052631578947, 0.9539473684210527, 0.9539473684210527, 0.9539473684210527, 0.9605263157894737, 0.9539473684210527, 0.9605263157894737], "val_precision": [0.9060253678376976, 0.9341760921700806, 0.9417858046558706, 0.9264638157894737, 0.9351210056390977, 0.9542327901968182, 0.9608169068340914, 0.9238395467836258, 0.948046976276899, 0.9550715420015558, 0.9483912800378739, 0.9410469293958258, 0.9410469293958258, 0.9476373998247717, 0.947239612808904, 0.9564410016977929, 0.9541950480684033, 0.9621731025235376, 0.9541950480684033, 0.941075225943647, 0.9674414288071276, 0.9541950480684033, 0.956403259569378, 0.9541950480684033, 0.9608169068340914, 0.9538298135621184, 0.9608169068340914]}