{"train_loss": [82.07294115424156, 32.593236953020096, 23.864206932485104, 19.525414060801268, 17.358323745429516, 15.743142157793045, 14.541114633902907, 12.288732312619686, 11.232918346300721, 10.743522472679615, 9.743861623108387, 8.614989522844553, 7.864951832219958, 7.5798297775909305, 6.621458842884749, 6.119028347544372, 6.814251814037561, 5.082408579066396, 4.5283482992090285, 4.270583774428815], "train_acc": [], "val_loss": [2.1326568722724915, 1.3355349004268646, 1.2358346432447433, 0.9701116979122162, 0.9468399211764336, 1.0360758155584335, 0.8469002842903137, 0.7898201178759336, 1.0385261476039886, 0.9311012104153633, 0.9051243327558041, 0.7586647290736437, 0.7307317033410072, 0.7648872882127762, 0.6970921792089939, 0.9118789583444595, 0.9160529486835003, 0.706947598606348, 0.8136751838028431, 0.7776122577488422], "val_acc": [0.881578947368421, 0.9342105263157895, 0.9210526315789473, 0.9473684210526315, 0.9539473684210527, 0.9210526315789473, 0.9539473684210527, 0.9473684210526315, 0.9342105263157895, 0.9407894736842105, 0.9473684210526315, 0.9407894736842105, 0.9473684210526315, 0.9473684210526315, 0.9539473684210527, 0.9407894736842105, 0.9473684210526315, 0.9605263157894737, 0.9539473684210527, 0.9539473684210527], "val_f1": [0.8778408947489142, 0.9332031150361453, 0.9203630593264706, 0.9462157536667334, 0.9537522083898269, 0.922038609236873, 0.9530912845503533, 0.9462157536667334, 0.9317698626909153, 0.9391796057456109, 0.9467943518585421, 0.9391796057456109, 0.9470518744778614, 0.9465448055790503, 0.9534813462293318, 0.9403988076582277, 0.9469736023102341, 0.9598363073113575, 0.9531493129405678, 0.952899766661076], "val_recall": [0.881578947368421, 0.9342105263157895, 0.9210526315789473, 0.9473684210526315, 0.9539473684210527, 0.9210526315789473, 0.9539473684210527, 0.9473684210526315, 0.9342105263157895, 0.9407894736842105, 0.9473684210526315, 0.9407894736842105, 0.9473684210526315, 0.9473684210526315, 0.9539473684210527, 0.9407894736842105, 0.9473684210526315, 0.9605263157894737, 0.9539473684210527, 0.9539473684210527], "val_precision": [0.894234283625731, 0.9364267037786774, 0.9239658094098884, 0.9506578947368421, 0.9566200657894737, 0.9285530411877395, 0.9560181612388743, 0.9506578947368421, 0.9391932533161436, 0.9452377392344499, 0.948046976276899, 0.9452377392344499, 0.9491938297448166, 0.9484496832358674, 0.9550715420015558, 0.9463174982911825, 0.9510192384370016, 0.9608169068340914, 0.9537923411094351, 0.9541950480684033]}