{"train_loss": [80.67479059100151, 31.88928534090519, 24.351475417613983, 19.48615822941065, 17.242426358163357, 15.433448322117329, 14.973529726266861, 12.457312893122435, 11.538183834403753, 9.887298829853535, 9.35228201188147, 8.797938492149115, 7.7837487263605, 6.901934873312712, 6.665992855094373, 6.186163765378296, 5.388819795567542, 4.88620547670871, 4.219319160329178, 4.227556249126792, 3.468271921388805, 3.1911269910633564, 3.254047638271004, 2.409880712861195, 2.272376723587513], "train_acc": [], "val_loss": [2.0708940625190735, 1.5082773268222809, 1.0575806200504303, 0.9653712511062622, 1.0570883750915527, 0.8545290529727936, 0.8309162482619286, 0.7748256027698517, 0.793902151286602, 0.780815165489912, 0.8241146374493837, 0.7959966734051704, 0.7373580075800419, 0.740353986620903, 0.7630744259804487, 0.7622365159913898, 0.736600486561656, 0.7731054089963436, 0.8016744162887335, 0.6451243124902248, 0.7109568566083908, 0.9363894164562225, 0.7319387197494507, 0.8943421356379986, 0.9189417734742165], "val_acc": [0.881578947368421, 0.9013157894736842, 0.9276315789473685, 0.9473684210526315, 0.9276315789473685, 0.9407894736842105, 0.9407894736842105, 0.9473684210526315, 0.9473684210526315, 0.9539473684210527, 0.9539473684210527, 0.9539473684210527, 0.9539473684210527, 0.9539473684210527, 0.9539473684210527, 0.9539473684210527, 0.9539473684210527, 0.9539473684210527, 0.9539473684210527, 0.9605263157894737, 0.9605263157894737, 0.9473684210526315, 0.9539473684210527, 0.9605263157894737, 0.9539473684210527], "val_f1": [0.8770596939950936, 0.8985114644416065, 0.926384490999498, 0.9463084795321638, 0.9252681267204604, 0.9399050238590828, 0.9399050238590828, 0.9468087320713693, 0.9464490154780105, 0.9525808809658554, 0.9525808809658554, 0.9525808809658554, 0.953482026104961, 0.9531493129405678, 0.9525808809658554, 0.9529099328781723, 0.952899766661076, 0.9529099328781723, 0.9525808809658554, 0.9598363073113575, 0.9598363073113575, 0.946438849260914, 0.9531493129405678, 0.9598363073113575, 0.9525707147487591], "val_recall": [0.881578947368421, 0.9013157894736842, 0.9276315789473685, 0.9473684210526315, 0.9276315789473685, 0.9407894736842105, 0.9407894736842105, 0.9473684210526315, 0.9473684210526315, 0.9539473684210527, 0.9539473684210527, 0.9539473684210527, 0.9539473684210527, 0.9539473684210527, 0.9539473684210527, 0.9539473684210527, 0.9539473684210527, 0.9539473684210527, 0.9539473684210527, 0.9605263157894737, 0.9605263157894737, 0.9473684210526315, 0.9539473684210527, 0.9605263157894737, 0.9539473684210527], "val_precision": [0.8861522055207696, 0.9078787925416214, 0.9269165640394089, 0.9508152540901375, 0.9363615060837579, 0.9400290801914407, 0.9400290801914407, 0.9472950900436574, 0.947239612808904, 0.9564410016977929, 0.9564410016977929, 0.9564410016977929, 0.9548888258035116, 0.9537923411094351, 0.9564410016977929, 0.9542327901968182, 0.9541950480684033, 0.9542327901968182, 0.9564410016977929, 0.9608169068340914, 0.9608169068340914, 0.9472018706804891, 0.9537923411094351, 0.9608169068340914, 0.956403259569378]}