{"train_loss": [1.4750943359575774, 1.4119130950225027, 1.3643218278884888, 1.346130679783068, 1.3248923703243858, 1.2985183289176538, 1.279388205628646, 1.2786068985336705, 1.246442535049037, 1.218251699522922, 1.2140623337344119, 1.183701483199471, 1.1681707815120095, 1.1526299614655344], "train_accuracy": [0.4044795783926219, 0.439064558629776, 0.4657444005270092, 0.466403162055336, 0.475296442687747, 0.4897891963109354, 0.5016469038208169, 0.4868247694334651, 0.5095520421607378, 0.5243741765480896, 0.5197628458498024, 0.5247035573122529, 0.5424901185770751, 0.5411725955204216], "val_loss": [1.128597116470337, 1.1142180681228637, 1.009681797027588, 1.0197654366493225, 0.9290567636489868, 0.9408587574958801, 1.0614519834518432, 0.9759254693984986, 0.8875898718833923, 0.9260637760162354, 0.9428553700447082, 0.957573127746582, 1.0898503541946412, 0.9561795353889465], "val_accuracy": [0.6754966887417219, 0.6556291390728477, 0.695364238410596, 0.7350993377483444, 0.7682119205298014, 0.7615894039735099, 0.6754966887417219, 0.6688741721854304, 0.7549668874172185, 0.7284768211920529, 0.7019867549668874, 0.6887417218543046, 0.5761589403973509, 0.6622516556291391]}