{"train_loss": [79.32552644610405, 31.923660531640053, 24.11205704510212, 19.941748898476362, 16.712774142622948, 15.022684693336487, 13.582431260496378, 12.072858974337578, 10.998939529061317, 10.116027742624283, 9.110361712053418, 8.919268089812249, 8.72854788042605, 6.868386639282107], "train_acc": [0.8928571428571429, 0.7857142857142857, 0.9285714285714286, 0.9285714285714286, 0.8571428571428571, 1.0, 0.9285714285714286, 1.0, 1.0, 0.9285714285714286, 1.0, 1.0, 0.9285714285714286, 1.0], "val_loss": [1.9988060295581818, 1.3897919356822968, 1.0443619191646576, 1.1927764564752579, 0.8608234003186226, 0.8444059267640114, 0.8962801471352577, 0.8154023885726929, 0.7358839502558112, 0.7625003755092621, 0.7592035308480263, 0.9471552260220051, 0.8015185929834843, 0.8965542986989021], "val_acc": [0.881578947368421, 0.9078947368421053, 0.9473684210526315, 0.9276315789473685, 0.9605263157894737, 0.9539473684210527, 0.9539473684210527, 0.9473684210526315, 0.9539473684210527, 0.9605263157894737, 0.9605263157894737, 0.9539473684210527, 0.9605263157894737, 0.9407894736842105], "val_f1": [0.877496553154448, 0.9067498057224238, 0.9463084795321638, 0.9252681267204604, 0.9595690675495178, 0.9525808809658554, 0.9525808809658554, 0.9464490154780105, 0.9529099328781723, 0.9598464735284539, 0.9598464735284539, 0.9525808809658554, 0.9598363073113575, 0.9401139567669174], "val_recall": [0.881578947368421, 0.9078947368421053, 0.9473684210526315, 0.9276315789473685, 0.9605263157894737, 0.9539473684210527, 0.9539473684210527, 0.9473684210526315, 0.9539473684210527, 0.9605263157894737, 0.9605263157894737, 0.9539473684210527, 0.9605263157894737, 0.9407894736842105], "val_precision": [0.8870851027110702, 0.9131435307636682, 0.9508152540901375, 0.9363615060837579, 0.9622108446519524, 0.9564410016977929, 0.9564410016977929, 0.947239612808904, 0.9542327901968182, 0.9608546489625065, 0.9608546489625065, 0.9564410016977929, 0.9608169068340914, 0.9454568908903275]}