{"train_loss": [1.4905267075488442, 1.398736171973379, 1.3700383111050254, 1.3444212537062796, 1.3283067791085494, 1.3117104931881554, 1.2875426687692342, 1.2680395954533628, 1.2470999222052725, 1.240661402752525, 1.216164019233302], "train_accuracy": [0.38405797101449274, 0.4492753623188406, 0.4647562582345191, 0.48155467720685113, 0.4733201581027668, 0.4792490118577075, 0.49604743083003955, 0.4990118577075099, 0.5039525691699605, 0.508893280632411, 0.5158102766798419], "val_loss": [1.076408815383911, 1.0334674000740052, 1.0120996475219726, 1.007630705833435, 1.0179909348487854, 0.9013772130012512, 0.9821806907653808, 0.9159871101379394, 1.011115849018097, 0.9076915621757508, 0.9970308542251587], "val_accuracy": [0.7019867549668874, 0.7086092715231788, 0.7748344370860927, 0.7682119205298014, 0.7019867549668874, 0.7748344370860927, 0.7152317880794702, 0.7483443708609272, 0.6423841059602649, 0.7549668874172185, 0.6688741721854304]}