{"train_loss": [82.6791065633297, 32.720961824059486, 24.066549345850945, 20.80770631879568, 17.970272414386272, 16.03185287117958, 13.573486566543579, 12.359117034822702, 11.402237942442298, 10.128041990101337, 9.942761860787868, 9.03909165225923, 7.840713041834533, 7.509067703038454, 6.5513283191248775, 6.128281516954303, 5.513265441171825, 4.870832819491625, 4.4062016871757805, 4.191104145953432, 3.5141149051487446, 3.6238784276647493, 3.3493520077317953], "train_acc": [0.8571428571428571, 0.9285714285714286, 0.8928571428571429, 0.7142857142857143, 0.9285714285714286, 0.9285714285714286, 0.9642857142857143, 0.9642857142857143, 0.9285714285714286, 1.0, 0.9285714285714286, 0.9642857142857143, 0.9285714285714286, 0.9642857142857143, 0.9642857142857143, 1.0, 1.0, 0.9642857142857143, 1.0, 0.9642857142857143, 1.0, 1.0, 0.9642857142857143], "val_loss": [2.241141691803932, 1.4299339354038239, 1.117433875799179, 1.1675729230046272, 0.9006615430116653, 0.84391975030303, 0.8329711444675922, 0.8575624525547028, 0.9275256022810936, 0.8589708544313908, 0.8904139697551727, 0.8148306254297495, 0.8300786707550287, 0.7621212210506201, 0.7544295154511929, 0.7832999229431152, 0.7472688406705856, 0.6858864966779947, 0.89633599948138, 0.8293909393250942, 0.7117198333144188, 0.85336534678936, 0.7696725211571902], "val_acc": [0.8881578947368421, 0.9144736842105263, 0.9407894736842105, 0.9407894736842105, 0.9473684210526315, 0.9473684210526315, 0.9539473684210527, 0.9473684210526315, 0.9473684210526315, 0.9407894736842105, 0.9539473684210527, 0.9473684210526315, 0.9407894736842105, 0.9539473684210527, 0.9539473684210527, 0.9473684210526315, 0.9539473684210527, 0.9539473684210527, 0.9605263157894737, 0.9539473684210527, 0.9539473684210527, 0.9671052631578947, 0.9605263157894737], "val_f1": [0.8846849233645966, 0.9137105584474005, 0.9401278399034311, 0.9395517482230165, 0.9465484006322571, 0.9462425484615493, 0.9529099328781723, 0.9464490154780105, 0.9463084795321638, 0.9395919785803306, 0.9531493129405678, 0.9464490154780105, 0.9393639164198375, 0.9525707147487591, 0.9531493129405678, 0.946666823625359, 0.9525808809658554, 0.953368867525452, 0.9598363073113575, 0.9525808809658554, 0.9531868709957548, 0.9665215481231815, 0.9598363073113575], "val_recall": [0.8881578947368421, 0.9144736842105263, 0.9407894736842105, 0.9407894736842105, 0.9473684210526315, 0.9473684210526315, 0.9539473684210527, 0.9473684210526315, 0.9473684210526315, 0.9407894736842105, 0.9539473684210527, 0.9473684210526315, 0.9407894736842105, 0.9539473684210527, 0.9539473684210527, 0.9473684210526315, 0.9539473684210527, 0.9539473684210527, 0.9605263157894737, 0.9539473684210527, 0.9539473684210527, 0.9671052631578947, 0.9605263157894737], "val_precision": [0.9006655151391992, 0.9183713516178967, 0.9453036313209494, 0.9438733552631579, 0.9480849230491102, 0.9467650067535357, 0.9542327901968182, 0.947239612808904, 0.9508152540901375, 0.9413809463562753, 0.9537923411094351, 0.947239612808904, 0.9457139312643563, 0.956403259569378, 0.9537923411094351, 0.9528651173388016, 0.9564410016977929, 0.9542455214741399, 0.9608169068340914, 0.9564410016977929, 0.9561839613237639, 0.9683653438030561, 0.9608169068340914]}