{"train_loss": [81.43674799799919, 31.993959188461304, 23.755540624260902, 20.467691123485565, 17.181862492114305, 15.64541032537818, 13.50964673049748, 12.59718415979296, 11.362131983041763, 10.06516096368432, 9.04710585065186, 8.617430865764618, 8.84118052199483, 7.455389230512083], "train_acc": [], "val_loss": [2.1625440418720245, 1.302223913371563, 1.1269691437482834, 1.1190301105380058, 0.9249461591243744, 1.1070169806480408, 0.8091256693005562, 0.892565444111824, 0.7319025248289108, 0.7372921332716942, 0.792020795866847, 0.7947418391704559, 0.8216935247182846, 0.8336836211383343], "val_acc": [0.8881578947368421, 0.9276315789473685, 0.9407894736842105, 0.9407894736842105, 0.9407894736842105, 0.9342105263157895, 0.9605263157894737, 0.9407894736842105, 0.9473684210526315, 0.9473684210526315, 0.9539473684210527, 0.9539473684210527, 0.9539473684210527, 0.9605263157894737], "val_f1": [0.888952850877193, 0.9264544186172587, 0.9396778058615696, 0.9394799707989293, 0.9401973015001488, 0.9326040218366273, 0.9595690675495178, 0.9395919785803306, 0.946438849260914, 0.9464490154780105, 0.9525808809658554, 0.9529099328781723, 0.9531493129405678, 0.9598363073113575], "val_recall": [0.8881578947368421, 0.9276315789473685, 0.9407894736842105, 0.9407894736842105, 0.9407894736842105, 0.9342105263157895, 0.9605263157894737, 0.9407894736842105, 0.9473684210526315, 0.9473684210526315, 0.9539473684210527, 0.9539473684210527, 0.9539473684210527, 0.9605263157894737], "val_precision": [0.8913148669530029, 0.928207414843928, 0.9422235168799792, 0.9414446797040831, 0.9436677631578947, 0.9388344394711117, 0.9622108446519524, 0.9413809463562753, 0.9472018706804891, 0.947239612808904, 0.9564410016977929, 0.9542327901968182, 0.9537923411094351, 0.9608169068340914]}