{"train_loss": [79.43184757232666, 31.16416323184967, 24.723102793097496, 20.15497225522995, 17.622190807014704, 15.018898148089647, 13.775183787569404, 12.21142335794866, 11.922804665751755, 10.077461293898523, 9.262405566871166, 9.16495119780302, 7.6530944257974625, 7.7712632939219475, 6.5586956506595016, 5.6790177333168685, 5.771272549405694, 5.096071228850633, 5.02404270414263, 4.351724401582032, 3.8527668407186866, 3.3606301061809063], "train_acc": [], "val_loss": [2.0368084758520126, 1.8397047519683838, 1.1511216312646866, 1.1379768550395966, 0.952632911503315, 0.8198022618889809, 0.867376085370779, 0.8134405463933945, 0.8839351832866669, 0.7718716003000736, 0.7988446764647961, 0.851373203098774, 0.8211511857807636, 0.840799868106842, 0.7376622073352337, 0.7818157132714987, 0.6412959732115269, 0.9519434925168753, 0.9959006258286536, 0.730810300912708, 0.831299583427608, 0.6918157823383808], "val_acc": [0.9013157894736842, 0.8486842105263158, 0.9407894736842105, 0.9276315789473685, 0.9473684210526315, 0.9539473684210527, 0.9473684210526315, 0.9407894736842105, 0.9473684210526315, 0.9605263157894737, 0.9539473684210527, 0.9473684210526315, 0.9539473684210527, 0.9539473684210527, 0.9539473684210527, 0.9539473684210527, 0.9539473684210527, 0.9539473684210527, 0.9539473684210527, 0.9473684210526315, 0.9605263157894737, 0.9473684210526315], "val_f1": [0.8983359765042591, 0.8466330875201973, 0.9399658582106292, 0.9264393878146, 0.9455447330447331, 0.9529099328781723, 0.946438849260914, 0.9401953348282989, 0.9455447330447331, 0.9595690675495178, 0.9529099328781723, 0.9464490154780105, 0.9525808809658554, 0.9525808809658554, 0.9533430633480444, 0.9525707147487591, 0.953368867525452, 0.9525707147487591, 0.9525707147487591, 0.946438849260914, 0.9598363073113575, 0.946438849260914], "val_recall": [0.9013157894736842, 0.8486842105263158, 0.9407894736842105, 0.9276315789473685, 0.9473684210526315, 0.9539473684210527, 0.9473684210526315, 0.9407894736842105, 0.9473684210526315, 0.9605263157894737, 0.9539473684210527, 0.9473684210526315, 0.9539473684210527, 0.9539473684210527, 0.9539473684210527, 0.9539473684210527, 0.9539473684210527, 0.9539473684210527, 0.9539473684210527, 0.9473684210526315, 0.9605263157894737, 0.9473684210526315], "val_precision": [0.9038098923780039, 0.8942283885116015, 0.9418707358674464, 0.9297111742424242, 0.9510208461954006, 0.9542327901968182, 0.9472018706804891, 0.9411129680720618, 0.9510208461954006, 0.9622108446519524, 0.9542327901968182, 0.947239612808904, 0.9564410016977929, 0.9564410016977929, 0.954233120680489, 0.956403259569378, 0.9542455214741399, 0.956403259569378, 0.956403259569378, 0.9472018706804891, 0.9608169068340914, 0.9472018706804891]}