{"train_loss": [1.4770004172074167, 1.3957710655112014, 1.3633128693229273, 1.3515232236761796, 1.3211708959780242, 1.3126605422873245, 1.283148247317264, 1.2550176212662145, 1.246619338738291, 1.2148295634671262, 1.2024496448667426, 1.1634809933210675, 1.1500229321028057, 1.1239273460287798], "train_accuracy": [0.3926218708827404, 0.44762845849802374, 0.46772068511198944, 0.4749670619235837, 0.4736495388669302, 0.4795783926218709, 0.4993412384716733, 0.4993412384716733, 0.5042819499341239, 0.5214097496706193, 0.532608695652174, 0.5382081686429513, 0.549407114624506, 0.5632411067193676], "val_loss": [1.0411987900733948, 1.002480936050415, 1.008534300327301, 0.9965169668197632, 1.030833911895752, 0.9844143867492676, 0.94889976978302, 0.9651622176170349, 0.8809366583824157, 0.8916096091270447, 0.946674919128418, 0.9241671204566956, 0.982634711265564, 1.0245673179626464], "val_accuracy": [0.7748344370860927, 0.7152317880794702, 0.7483443708609272, 0.7483443708609272, 0.695364238410596, 0.7350993377483444, 0.7152317880794702, 0.6887417218543046, 0.7350993377483444, 0.7615894039735099, 0.7019867549668874, 0.695364238410596, 0.6158940397350994, 0.6754966887417219]}