{"train_loss": [85.65394136309624, 33.152810126543045, 24.76326410472393, 20.86820513755083, 18.06193644553423, 15.417279828339815, 13.915216777473688, 12.236421501263976, 11.917910747230053, 10.351780058816075, 9.342554081231356, 8.264932500198483, 8.396090395748615, 7.8651360822841525, 6.345073369331658, 6.2242358908988535, 6.293293279595673, 5.672604284714907], "train_acc": [0.8214285714285714, 0.8928571428571429, 0.8928571428571429, 0.9642857142857143, 0.8928571428571429, 1.0, 0.9642857142857143, 0.9642857142857143, 1.0, 0.8928571428571429, 1.0, 1.0, 1.0, 1.0, 1.0, 1.0, 1.0, 0.9642857142857143], "val_loss": [2.1000542044639587, 1.3820155560970306, 1.0928594544529915, 1.0029012858867645, 1.0635739490389824, 0.9592623524367809, 0.8594510145485401, 0.9225486740469933, 0.9333724826574326, 0.8221229314804077, 0.6958146672695875, 0.79869444668293, 0.6728865504264832, 0.7129508852958679, 0.7686014715582132, 0.8615643568336964, 0.7835558578372002, 0.7132342327386141], "val_acc": [0.9013157894736842, 0.9276315789473685, 0.9407894736842105, 0.9473684210526315, 0.9473684210526315, 0.9407894736842105, 0.9605263157894737, 0.9539473684210527, 0.9407894736842105, 0.9539473684210527, 0.9605263157894737, 0.9473684210526315, 0.9539473684210527, 0.9605263157894737, 0.9539473684210527, 0.9473684210526315, 0.9276315789473685, 0.9605263157894737], "val_f1": [0.8983156676413254, 0.9257114879652613, 0.939359381340899, 0.9462425484615493, 0.9455447330447331, 0.9395517482230165, 0.9595690675495178, 0.9525808809658554, 0.9395517482230165, 0.9525707147487591, 0.9598464735284539, 0.9462157536667334, 0.9529099328781723, 0.9598363073113575, 0.9531594791576642, 0.9464346352651833, 0.9277131712768073, 0.9598363073113575], "val_recall": [0.9013157894736842, 0.9276315789473685, 0.9407894736842105, 0.9473684210526315, 0.9473684210526315, 0.9407894736842105, 0.9605263157894737, 0.9539473684210527, 0.9407894736842105, 0.9539473684210527, 0.9605263157894737, 0.9473684210526315, 0.9539473684210527, 0.9605263157894737, 0.9539473684210527, 0.9473684210526315, 0.9276315789473685, 0.9605263157894737], "val_precision": [0.9054722777138732, 0.9284131058390926, 0.9417858046558706, 0.9467650067535357, 0.9510208461954006, 0.9438733552631579, 0.9622108446519524, 0.9564410016977929, 0.9438733552631579, 0.956403259569378, 0.9608546489625065, 0.9506578947368421, 0.9542327901968182, 0.9608169068340914, 0.9538300832378498, 0.9479914990421455, 0.9281921128251664, 0.9608169068340914]}