{"train_loss": [81.64833438396454, 32.08785577118397, 23.816637940704823, 19.11775214970112, 17.333850175142288, 15.203420585021377, 15.640258219093084, 12.393652802333236, 11.206543715670705, 10.468759504146874, 9.53108510747552, 8.691513244062662, 8.14562338590622, 7.058680349029601, 6.7068710858002305, 5.953300421126187, 5.310901689343154, 4.654138296609744, 4.501394334249198, 4.5189819117076695, 3.722394418437034], "train_acc": [], "val_loss": [2.0441963970661163, 1.3881738632917404, 1.1108459755778313, 0.9937125444412231, 0.997060127556324, 0.8332230895757675, 0.8502103090286255, 0.8286710493266582, 1.0263496367260814, 0.8058620169758797, 0.8365917801856995, 0.8152403086423874, 0.7337966598570347, 0.6983192786574364, 0.7637006025761366, 0.6364785134792328, 0.6968661583960056, 0.7107919417321682, 0.6587673835456371, 0.9947431907057762, 0.7042102832347155], "val_acc": [0.9013157894736842, 0.9342105263157895, 0.9342105263157895, 0.9473684210526315, 0.9473684210526315, 0.9539473684210527, 0.9473684210526315, 0.9605263157894737, 0.9407894736842105, 0.9473684210526315, 0.9407894736842105, 0.9407894736842105, 0.9473684210526315, 0.9539473684210527, 0.9407894736842105, 0.9605263157894737, 0.9605263157894737, 0.9605263157894737, 0.9605263157894737, 0.9473684210526315, 0.9605263157894737], "val_f1": [0.9009616684237557, 0.9340343810961564, 0.9327111818949155, 0.9453393514792602, 0.9462157536667334, 0.9525808809658554, 0.9467935532361605, 0.9595690675495178, 0.9384481168198274, 0.946438849260914, 0.9401670382804778, 0.9395919785803306, 0.9459419237625268, 0.9531594791576642, 0.9395767964634046, 0.9598464735284539, 0.9598464735284539, 0.9598464735284539, 0.9598464735284539, 0.9459317575454304, 0.9598363073113575], "val_recall": [0.9013157894736842, 0.9342105263157895, 0.9342105263157895, 0.9473684210526315, 0.9473684210526315, 0.9539473684210527, 0.9473684210526315, 0.9605263157894737, 0.9407894736842105, 0.9473684210526315, 0.9407894736842105, 0.9407894736842105, 0.9473684210526315, 0.9539473684210527, 0.9407894736842105, 0.9605263157894737, 0.9605263157894737, 0.9605263157894737, 0.9605263157894737, 0.9473684210526315, 0.9605263157894737], "val_precision": [0.9115612890567518, 0.9402882205513784, 0.9336488896450897, 0.9504539103899778, 0.9506578947368421, 0.9564410016977929, 0.9505288434153565, 0.9622108446519524, 0.9459195233696195, 0.9472018706804891, 0.9425464232845698, 0.9413809463562753, 0.9479999918375341, 0.9538300832378498, 0.9422168848765834, 0.9608546489625065, 0.9608546489625065, 0.9608546489625065, 0.9608546489625065, 0.9479622497091195, 0.9608169068340914]}