{"train_loss": [1.4812789666025261, 1.4119307455263639, 1.3695090532302856, 1.340760414223922, 1.330876935155768, 1.3085757249280026, 1.277748870222192, 1.2681945066702993, 1.2420744350081996, 1.224600228510405, 1.197330803620188, 1.1808191092390763, 1.1470063278549596], "train_accuracy": [0.38570487483530963, 0.4400527009222661, 0.46673254281949933, 0.477931488801054, 0.4736495388669302, 0.477931488801054, 0.49242424242424243, 0.4963768115942029, 0.5085638998682477, 0.5184453227931489, 0.5303030303030303, 0.5312911725955204, 0.5408432147562582], "val_loss": [1.1784607410430907, 1.0401990294456482, 0.987963604927063, 0.9436455011367798, 1.0085070610046387, 0.9174530863761902, 0.9585077166557312, 0.8819482445716857, 0.9081561446189881, 0.8942501664161682, 0.9711530089378357, 0.9114407658576965, 1.0871161341667175], "val_accuracy": [0.5496688741721855, 0.7417218543046358, 0.7682119205298014, 0.7615894039735099, 0.7417218543046358, 0.7682119205298014, 0.7549668874172185, 0.7483443708609272, 0.7086092715231788, 0.6887417218543046, 0.6821192052980133, 0.6821192052980133, 0.5231788079470199]}