{"train_loss": [45.28442880511284, 8.497511804103851, 2.214667891152203, 1.3100215961458161, 2.687211237498559, 1.439765921619255, 0.6759271704795538, 0.5526327562183724, 0.10726872858867864, 1.9206985936725687, 5.501876616268419, 2.4022371096652932, 0.5590923006784578], "train_acc": [0.9642857142857143, 1.0, 1.0, 1.0, 1.0, 1.0, 1.0, 1.0, 1.0, 1.0, 1.0, 1.0, 1.0], "val_loss": [0.5607094988226891, 0.7202098704874516, 0.48651016782969236, 0.7161628156900406, 0.563633194193244, 0.6212360952049494, 0.38099960051476955, 0.3192857028916478, 0.33159181935479864, 1.8702890574932098, 0.5105987004935741, 0.5560938864946365, 0.3738406414631754], "val_acc": [0.9736842105263158, 0.9473684210526315, 0.9736842105263158, 0.9473684210526315, 0.9802631578947368, 0.9671052631578947, 0.9671052631578947, 0.9736842105263158, 0.9802631578947368, 0.9078947368421053, 0.9605263157894737, 0.9671052631578947, 0.9868421052631579], "val_f1": [0.9735746470000137, 0.9480407692700428, 0.9738760964912281, 0.9462266910027076, 0.9803658737006451, 0.9673718501803058, 0.967064422189076, 0.9736790747360203, 0.980257661698105, 0.9094996196898988, 0.9600522426298798, 0.9666378220016965, 0.9868421052631579], "val_recall": [0.9736842105263158, 0.9473684210526315, 0.9736842105263158, 0.9473684210526315, 0.9802631578947368, 0.9671052631578947, 0.9671052631578947, 0.9736842105263158, 0.9802631578947368, 0.9078947368421053, 0.9605263157894737, 0.9671052631578947, 0.9868421052631579], "val_precision": [0.9736705043859649, 0.9498171773246502, 0.9750926068837784, 0.949418512344209, 0.9806743421052632, 0.9689735240738764, 0.9683930287178392, 0.9740883205998868, 0.98046875, 0.9169878610668084, 0.9610300609478241, 0.9676339285714285, 0.9870543293718166]}