{"train_loss": [43.73956034705043, 8.341608152259141, 2.452156644896604, 1.3352567703113891, 1.8012891388498247, 1.4574112934351433, 1.8328557027271017], "train_acc": [0.9285714285714286, 1.0, 1.0, 0.9642857142857143, 0.9642857142857143, 1.0, 1.0], "val_loss": [1.0953967534005642, 0.7886711778119206, 1.0914071787847206, 1.0468443911522627, 1.3288707565516233, 1.4583688606508076, 1.5831976607441902], "val_acc": [0.9210526315789473, 0.9473684210526315, 0.9605263157894737, 0.9671052631578947, 0.9473684210526315, 0.9473684210526315, 0.9276315789473685], "val_f1": [0.9186029673518888, 0.9467742821967199, 0.9601919700380895, 0.9668749911501919, 0.9469298245614035, 0.9463084795321638, 0.9267769240292875], "val_recall": [0.9210526315789473, 0.9473684210526315, 0.9605263157894737, 0.9671052631578947, 0.9473684210526315, 0.9473684210526315, 0.9276315789473685], "val_precision": [0.9235744833799395, 0.9476919154404829, 0.9609002235671213, 0.9681597516977929, 0.9473098764709326, 0.9508152540901375, 0.9289580287524366]}