{"train_loss": [49.14345213025808, 9.11615513311699, 2.8656101817032322, 2.310686787648592, 1.615578156488482, 0.7303960179851856, 1.6188802009128267, 1.0679235973220784, 3.3843422648496926, 1.6677210189518519, 1.7009765267721377, 0.6263517744519049, 0.06835279819279094, 0.018080731328154798, 0.01262767892148986, 0.010255343408971385, 0.008540427888874547, 0.007163127099374833], "train_acc": [0.9642857142857143, 1.0, 1.0, 1.0, 1.0, 1.0, 1.0, 1.0, 1.0, 1.0, 1.0, 1.0, 1.0, 1.0, 1.0, 1.0, 1.0, 1.0], "val_loss": [0.5080222971737385, 0.4949746448546648, 0.5435848711058497, 0.646231584250927, 0.6518538221716881, 1.0138354822993279, 0.41806413047015667, 0.8962713587097824, 0.5385167580097914, 0.6043640556745231, 0.5801658207783476, 0.3978896620683372, 0.38090042141266167, 0.3960056796204299, 0.40495386091060936, 0.4110320587642491, 0.41849077795632184, 0.4260447626002133], "val_acc": [0.9736842105263158, 0.9539473684210527, 0.9736842105263158, 0.9605263157894737, 0.9736842105263158, 0.9736842105263158, 0.9736842105263158, 0.9605263157894737, 0.9802631578947368, 0.9802631578947368, 0.9802631578947368, 0.9868421052631579, 0.9868421052631579, 0.9868421052631579, 0.9868421052631579, 0.9868421052631579, 0.9868421052631579, 0.9868421052631579], "val_f1": [0.9735746470000137, 0.954452508874105, 0.9739875431406384, 0.9607228273444611, 0.9736790747360203, 0.9736790747360203, 0.9736842105263158, 0.960621951748873, 0.9802593736282034, 0.9802580221044415, 0.9802596179714825, 0.9868421052631579, 0.9868421052631579, 0.9868421052631579, 0.9868421052631579, 0.9868421052631579, 0.9868421052631579, 0.9868421052631579], "val_recall": [0.9736842105263158, 0.9539473684210527, 0.9736842105263158, 0.9605263157894737, 0.9736842105263158, 0.9736842105263158, 0.9736842105263158, 0.9605263157894737, 0.9802631578947368, 0.9802631578947368, 0.9802631578947368, 0.9868421052631579, 0.9868421052631579, 0.9868421052631579, 0.9868421052631579, 0.9868421052631579, 0.9868421052631579, 0.9868421052631579], "val_precision": [0.9736705043859649, 0.9555422647527911, 0.9748803827751197, 0.9621012759170654, 0.9740883205998868, 0.9740883205998868, 0.9738964346349746, 0.9611355300967939, 0.9804753820033956, 0.9804550438596491, 0.98046875, 0.9868421052631579, 0.9868421052631579, 0.9868421052631579, 0.9868421052631579, 0.9868421052631579, 0.9868421052631579, 0.9868421052631579]}