{"train_loss": [43.787548057734966, 20.838799631223083], "train_acc": [0.9285714285714286, 0.9285714285714286], "val_loss": [1.4849567040801048, 1.3201106116175652], "val_acc": [0.9144736842105263, 0.9407894736842105], "val_f1": [0.9145225017332816, 0.939646355029523], "val_recall": [0.9144736842105263, 0.9407894736842105], "val_precision": [0.9153841635338346, 0.9398834444064709]}