{"train_loss": [0.047928692009766266, 0.045075997847656334, 0.04463425985438079, 0.04383360079154667, 0.04355562145530942, 0.04325086765766772, 0.042783072971700836, 0.04261867217081495], "train_accuracy": [0.3570487483530962, 0.4183135704874835, 0.4367588932806324, 0.43280632411067194, 0.44960474308300397, 0.4598155467720685, 0.4670619235836627, 0.4561923583662714], "val_loss": [0.03725726951826487, 0.03982151975694871, 0.03505229397325326, 0.034018668117902134, 0.03458912641007379, 0.035064029377817316, 0.03593421337620312, 0.03422244100381207], "val_accuracy": [0.6754966887417219, 0.5695364238410596, 0.7947019867549668, 0.7814569536423841, 0.7483443708609272, 0.7748344370860927, 0.7682119205298014, 0.7549668874172185]}