{"train_loss": [99.73948043584824, 44.07598562538624, 33.38273264467716, 29.784329146146774, 25.46227453649044, 21.915056340396404, 21.221220090985298, 17.59987809509039, 17.193160850554705, 16.49355474486947, 14.309097368270159, 14.425970401614904, 14.289394553750753, 12.634780704975128, 11.74755635112524, 10.963013656437397, 11.105468498542905, 9.736913063563406, 9.650758307427168, 8.403785112313926, 9.111061259172857, 8.895135815255344, 8.136356428265572, 7.917615271639079, 7.404001461341977, 6.186899249441922, 6.515813121572137, 5.654073557816446, 6.567059182096273, 5.644146354869008, 4.833377169445157, 4.703246956225485, 4.552926950389519, 3.954512797296047, 3.4084522563498467], "train_acc": [0.8571428571428571, 0.7857142857142857, 0.8928571428571429, 0.8571428571428571, 0.8571428571428571, 0.9642857142857143, 0.9642857142857143, 1.0, 0.9642857142857143, 0.8928571428571429, 0.9642857142857143, 0.9285714285714286, 0.9642857142857143, 1.0, 0.9642857142857143, 0.9642857142857143, 0.9642857142857143, 0.9285714285714286, 0.9642857142857143, 0.9285714285714286, 0.9285714285714286, 0.9285714285714286, 0.9642857142857143, 0.9642857142857143, 0.9642857142857143, 1.0, 1.0, 1.0, 0.9285714285714286, 1.0, 1.0, 1.0, 0.9642857142857143, 1.0, 1.0], "val_loss": [2.63094362616539, 1.6157547533512115, 1.3484178632497787, 1.10343536734581, 0.9952950030565262, 0.9005645737051964, 1.0235982686281204, 0.9200766831636429, 0.8362011834979057, 0.8550437726080418, 0.8426201120018959, 0.7324566841125488, 0.8121556118130684, 0.9625221192836761, 0.7090717069804668, 0.9307802841067314, 0.7042509093880653, 0.718871146440506, 0.8119918284937739, 0.7611930929124355, 0.9005379043519497, 0.7879993785172701, 0.6642604321241379, 0.7501260191202164, 0.6505813151597977, 0.7528774999082088, 0.6754990983754396, 0.8336472138762474, 0.8136160671710968, 0.7328474605455995, 0.7820700220763683, 0.7601246796548367, 0.8469602549448609, 0.7158194156363606, 0.7178301494568586], "val_acc": [0.8552631578947368, 0.9013157894736842, 0.9407894736842105, 0.9407894736842105, 0.9407894736842105, 0.9473684210526315, 0.9407894736842105, 0.9407894736842105, 0.9407894736842105, 0.9605263157894737, 0.9473684210526315, 0.9605263157894737, 0.9473684210526315, 0.9342105263157895, 0.9539473684210527, 0.9473684210526315, 0.9539473684210527, 0.9671052631578947, 0.9539473684210527, 0.9539473684210527, 0.9539473684210527, 0.9539473684210527, 0.9539473684210527, 0.9473684210526315, 0.9671052631578947, 0.9605263157894737, 0.9539473684210527, 0.9539473684210527, 0.9539473684210527, 0.9605263157894737, 0.9605263157894737, 0.9539473684210527, 0.9539473684210527, 0.9605263157894737, 0.9605263157894737], "val_f1": [0.8493990305434758, 0.8979579416111922, 0.9388716188213331, 0.939527823224469, 0.939359381340899, 0.9462425484615493, 0.9395919785803306, 0.9403881389078758, 0.9400838881788883, 0.9595690675495178, 0.9455447330447331, 0.9598464735284539, 0.9464490154780105, 0.9325814431364006, 0.9534813462293318, 0.9455447330447331, 0.9531594791576642, 0.9665215481231815, 0.9525808809658554, 0.9534813462293318, 0.952899766661076, 0.9525808809658554, 0.952899766661076, 0.946438849260914, 0.9667607511894141, 0.9598464735284539, 0.9531493129405678, 0.9531594791576642, 0.952899766661076, 0.9598464735284539, 0.960074478404415, 0.952899766661076, 0.9529099328781723, 0.9598363073113575, 0.9598363073113575], "val_recall": [0.8552631578947368, 0.9013157894736842, 0.9407894736842105, 0.9407894736842105, 0.9407894736842105, 0.9473684210526315, 0.9407894736842105, 0.9407894736842105, 0.9407894736842105, 0.9605263157894737, 0.9473684210526315, 0.9605263157894737, 0.9473684210526315, 0.9342105263157895, 0.9539473684210527, 0.9473684210526315, 0.9539473684210527, 0.9671052631578947, 0.9539473684210527, 0.9539473684210527, 0.9539473684210527, 0.9539473684210527, 0.9539473684210527, 0.9473684210526315, 0.9671052631578947, 0.9605263157894737, 0.9539473684210527, 0.9539473684210527, 0.9539473684210527, 0.9605263157894737, 0.9605263157894737, 0.9539473684210527, 0.9539473684210527, 0.9605263157894737, 0.9605263157894737], "val_precision": [0.8655501080752119, 0.9076027614993366, 0.9442795152286876, 0.940701362781955, 0.9417858046558706, 0.9467650067535357, 0.9413809463562753, 0.9438375826387817, 0.9414565058479533, 0.9622108446519524, 0.9510208461954006, 0.9608546489625065, 0.947239612808904, 0.9384656598883573, 0.9550715420015558, 0.9510208461954006, 0.9538300832378498, 0.9683653438030561, 0.9564410016977929, 0.9550715420015558, 0.9541950480684033, 0.9564410016977929, 0.9541950480684033, 0.9472018706804891, 0.9674414288071276, 0.9608546489625065, 0.9537923411094351, 0.9538300832378498, 0.9541950480684033, 0.9608546489625065, 0.9606722830261137, 0.9541950480684033, 0.9542327901968182, 0.9608169068340914, 0.9608169068340914]}