{"train_loss": [1016.1371324658394, 899.3244024515152, 839.1305317282677, 798.392294049263, 767.6518102288246, 739.8407964408398, 723.873466104269, 702.2397146224976, 684.8362356424332, 669.6120545566082, 655.7899534106255, 640.3040318787098, 623.7985690832138, 612.2390305697918, 598.568266749382, 591.5041667819023, 583.1944346725941, 571.3467812538147, 557.5865280330181, 550.7483401298523, 543.1177960336208, 531.8832529187202, 523.1202549636364, 515.7213175445795, 507.38133984804153, 503.15531665086746, 494.52743178606033, 487.5455285459757, 475.1991513520479, 472.09441912174225, 464.9692893028259, 458.39711870253086, 453.35332234203815, 445.0823918879032, 437.5501341223717, 431.8934272825718, 430.6580703854561, 418.4823019504547, 418.8964534699917, 412.6978497058153, 409.9627967476845, 396.571674272418, 398.2252054363489, 390.06226122379303, 385.8179567605257], "train_acc": [0.5769230769230769, 0.7307692307692307, 0.5384615384615384, 0.6153846153846154, 0.6153846153846154, 0.7307692307692307, 0.6153846153846154, 0.6153846153846154, 0.6538461538461539, 0.6923076923076923, 0.5, 0.7307692307692307, 0.7692307692307693, 0.8076923076923077, 0.6538461538461539, 0.7692307692307693, 0.7692307692307693, 0.7692307692307693, 0.7692307692307693, 0.7692307692307693, 0.6923076923076923, 0.8846153846153846, 0.6538461538461539, 0.6923076923076923, 0.6538461538461539, 0.6538461538461539, 0.6538461538461539, 0.7692307692307693, 0.8076923076923077, 0.6923076923076923, 0.7307692307692307, 0.8461538461538461, 0.7692307692307693, 0.8461538461538461, 0.8846153846153846, 0.8461538461538461, 0.8846153846153846, 0.8076923076923077, 0.8076923076923077, 0.8076923076923077, 0.8076923076923077, 0.8846153846153846, 0.8846153846153846, 0.7692307692307693, 0.9615384615384616], "val_loss": [41.33492714166641, 39.36049830913544, 37.97046160697937, 36.08080589771271, 34.846650660037994, 34.09068661928177, 32.74602907896042, 32.68443185091019, 32.59232175350189, 31.684713661670685, 31.758211314678192, 31.50656759738922, 31.879161477088928, 30.702775210142136, 30.19616237282753, 30.876212775707245, 30.153525710105896, 29.660678535699844, 29.00706672668457, 28.618986785411835, 28.70734503865242, 28.412078350782394, 29.050243616104126, 28.306792378425598, 28.987006545066833, 29.957839608192444, 27.944001495838165, 29.216114461421967, 28.89394184947014, 29.65332117676735, 29.047751367092133, 28.812800735235214, 28.82171869277954, 28.801350325345993, 27.94027778506279, 29.818559676408768, 29.37377518415451, 28.513011544942856, 28.881310999393463, 29.924052834510803, 29.47210717201233, 28.767877399921417, 29.19339330494404, 29.795092076063156, 28.90487864613533], "val_acc": [0.5602049530315969, 0.5678906917164817, 0.5858240819812126, 0.6029035012809565, 0.6191289496157131, 0.6345004269854825, 0.6490179333902647, 0.637062339880444, 0.6532877882152007, 0.6643894107600341, 0.6567036720751495, 0.6558497011101623, 0.672929120409906, 0.6840307429547395, 0.6840307429547395, 0.6746370623398804, 0.6831767719897524, 0.6883005977796754, 0.6985482493595218, 0.7164816396242528, 0.6959863364645602, 0.7070879590093937, 0.7045260461144321, 0.7113578138343296, 0.6942783945345858, 0.6925704526046115, 0.71733561058924, 0.7028181041844578, 0.7045260461144321, 0.6994022203245089, 0.6985482493595218, 0.7113578138343296, 0.7045260461144321, 0.7164816396242528, 0.7198975234842016, 0.6994022203245089, 0.7224594363791631, 0.726729291204099, 0.7122117847993168, 0.703672075149445, 0.7198975234842016, 0.7275832621690862, 0.7113578138343296, 0.7113578138343296, 0.7301451750640479], "val_f1": [0.5386033208491655, 0.5405711606721778, 0.5850747590855123, 0.5931466857679332, 0.61731156561613, 0.6281020121524622, 0.6425705301488883, 0.6353467920178922, 0.6477589891758224, 0.6595409369443689, 0.6566762661680832, 0.6566393969284315, 0.6647186706433565, 0.6810002723359534, 0.6823842262766867, 0.6768896790337182, 0.6825628464846036, 0.6810558411032653, 0.6951245024718705, 0.7149985382923398, 0.6939308294127933, 0.7057595944070254, 0.7027845992272744, 0.7095827414392764, 0.6945976700967241, 0.6899528815692847, 0.7159301674922781, 0.6990560817230764, 0.7027969788118308, 0.6972020390869151, 0.6974561416025219, 0.7113947011933063, 0.7056823155599097, 0.714070221791204, 0.7168303740584031, 0.6981324552032006, 0.7191504467445915, 0.7254625983849098, 0.7119356261409592, 0.705261892966005, 0.7191232082872063, 0.7249209685205352, 0.7098230836151925, 0.7110054519977164, 0.7287571039334467], "val_recall": [0.5602049530315969, 0.5678906917164817, 0.5858240819812126, 0.6029035012809565, 0.6191289496157131, 0.6345004269854825, 0.6490179333902647, 0.637062339880444, 0.6532877882152007, 0.6643894107600341, 0.6567036720751495, 0.6558497011101623, 0.672929120409906, 0.6840307429547395, 0.6840307429547395, 0.6746370623398804, 0.6831767719897524, 0.6883005977796754, 0.6985482493595218, 0.7164816396242528, 0.6959863364645602, 0.7070879590093937, 0.7045260461144321, 0.7113578138343296, 0.6942783945345858, 0.6925704526046115, 0.71733561058924, 0.7028181041844578, 0.7045260461144321, 0.6994022203245089, 0.6985482493595218, 0.7113578138343296, 0.7045260461144321, 0.7164816396242528, 0.7198975234842016, 0.6994022203245089, 0.7224594363791631, 0.726729291204099, 0.7122117847993168, 0.703672075149445, 0.7198975234842016, 0.7275832621690862, 0.7113578138343296, 0.7113578138343296, 0.7301451750640479], "val_precision": [0.5591637378870208, 0.5506083391638469, 0.6065728696670912, 0.6045512935489298, 0.6222346521985412, 0.6451259012834674, 0.642362267319343, 0.6386674904838409, 0.6527671014189783, 0.6653043379340838, 0.6640366117794427, 0.674278972538869, 0.68374910219411, 0.6905184427319697, 0.6856701277747782, 0.6882194360108738, 0.6937235140041441, 0.6908757181842728, 0.7022298585294242, 0.7148385829041195, 0.698377631600392, 0.7090218573087547, 0.7078392870808183, 0.7108954114979016, 0.698663006694515, 0.6926579177359397, 0.7171724719835918, 0.7035047478319136, 0.7057214028391172, 0.7047107864197206, 0.7010164894320128, 0.7124345867720222, 0.7108670141684967, 0.7174222483832549, 0.7173978716258943, 0.7028304169251226, 0.726336537122936, 0.7267859890370566, 0.7163808396359982, 0.7138518893610034, 0.7211116049611754, 0.724832573378078, 0.7132180044579417, 0.7124981091780106, 0.728469089926184]}