{"train_loss": [123.00640052556992, 69.22749096155167, 46.462959706783295, 39.340549007058144, 33.94315628707409, 30.654854513704777, 28.554800182580948, 25.599322140216827, 23.937656335532665, 22.468392096459866, 21.407588981091976, 19.69721620157361, 19.52285598218441, 18.22966616600752, 17.89770555868745, 16.8776271995157, 16.584097310900688, 15.887653734534979, 14.927619457244873, 15.588809166103601, 15.085681058466434, 13.801675079390407, 13.255061101168394, 12.4746366571635, 11.442247654311359, 11.836536521092057, 10.066239655017853, 11.259178614243865, 10.102616576477885, 9.755042405799031, 9.7471115430817], "train_acc": [], "val_loss": [3.970192611217499, 2.1776527762413025, 1.6930237710475922, 1.353496178984642, 1.3232939541339874, 1.181553728878498, 1.0673487484455109, 1.086827039718628, 1.0083272457122803, 0.9314744472503662, 1.0440538004040718, 0.8456209897994995, 0.8900517895817757, 0.8844974115490913, 0.8997858129441738, 0.8305351436138153, 0.8368593081831932, 0.7523697093129158, 0.7883538398891687, 0.8276934586465359, 0.8373363241553307, 0.721187487244606, 0.8233218546956778, 0.7911702431738377, 0.7292551472783089, 0.6869303770363331, 0.9221159610897303, 0.7346177026629448, 0.8238178230822086, 0.7530950084328651, 0.7825563121587038], "val_acc": [0.8618421052631579, 0.8947368421052632, 0.8947368421052632, 0.9276315789473685, 0.9144736842105263, 0.9276315789473685, 0.9276315789473685, 0.9276315789473685, 0.9407894736842105, 0.9407894736842105, 0.9342105263157895, 0.9539473684210527, 0.9539473684210527, 0.9539473684210527, 0.9539473684210527, 0.9473684210526315, 0.9539473684210527, 0.9539473684210527, 0.9539473684210527, 0.9539473684210527, 0.9473684210526315, 0.9605263157894737, 0.9539473684210527, 0.9473684210526315, 0.9539473684210527, 0.9473684210526315, 0.9539473684210527, 0.9473684210526315, 0.9473684210526315, 0.9473684210526315, 0.9539473684210527], "val_f1": [0.8590566715364494, 0.8905483255968171, 0.8910230105542605, 0.9261206080308254, 0.9118400969601069, 0.9258563074352548, 0.9256574533822498, 0.9258563074352548, 0.9388716188213331, 0.9392983176331633, 0.9327069847993057, 0.9529099328781723, 0.9525808809658554, 0.9529099328781723, 0.9525808809658554, 0.9464490154780105, 0.9531594791576642, 0.9525808809658554, 0.9525808809658554, 0.9525808809658554, 0.946438849260914, 0.9598464735284539, 0.9525808809658554, 0.9464490154780105, 0.9531594791576642, 0.946438849260914, 0.9525808809658554, 0.9464490154780105, 0.9459419237625268, 0.9459419237625268, 0.9531493129405678], "val_recall": [0.8618421052631579, 0.8947368421052632, 0.8947368421052632, 0.9276315789473685, 0.9144736842105263, 0.9276315789473685, 0.9276315789473685, 0.9276315789473685, 0.9407894736842105, 0.9407894736842105, 0.9342105263157895, 0.9539473684210527, 0.9539473684210527, 0.9539473684210527, 0.9539473684210527, 0.9473684210526315, 0.9539473684210527, 0.9539473684210527, 0.9539473684210527, 0.9539473684210527, 0.9473684210526315, 0.9605263157894737, 0.9539473684210527, 0.9473684210526315, 0.9539473684210527, 0.9473684210526315, 0.9539473684210527, 0.9473684210526315, 0.9473684210526315, 0.9473684210526315, 0.9539473684210527], "val_precision": [0.8671488736044658, 0.9009141335960221, 0.9037356687259098, 0.9274687857094844, 0.9155679451804645, 0.9269916076248312, 0.9269082982076404, 0.9269916076248312, 0.9442795152286876, 0.9401002365905803, 0.93515625, 0.9542327901968182, 0.9564410016977929, 0.9542327901968182, 0.9564410016977929, 0.947239612808904, 0.9538300832378498, 0.9564410016977929, 0.9564410016977929, 0.9564410016977929, 0.9472018706804891, 0.9608546489625065, 0.9564410016977929, 0.947239612808904, 0.9538300832378498, 0.9472018706804891, 0.9564410016977929, 0.947239612808904, 0.9479999918375341, 0.9479999918375341, 0.9537923411094351]}