{"train_loss": [923.2623769640923, 790.7358449101448, 720.5740674138069, 672.1438681781292, 632.9906495511532, 600.8160770535469, 570.0615304708481, 540.9755105674267, 515.0116873085499, 492.1202468574047, 466.64766612648964, 444.19498032331467, 424.65153577923775, 403.4949586391449, 382.75654923915863, 366.8374935388565, 349.71034213900566, 333.00915356725454, 316.3785833865404, 303.96324595808983, 287.5249069854617, 278.4417574554682, 259.4967158995569, 250.25299910455942, 238.20315759256482, 227.63477423787117], "train_acc": [0.5769230769230769, 0.7307692307692307, 0.6538461538461539, 0.5384615384615384, 0.7307692307692307, 0.7307692307692307, 0.6923076923076923, 0.8076923076923077, 0.7692307692307693, 0.9230769230769231, 0.8846153846153846, 0.6538461538461539, 0.8461538461538461, 0.7307692307692307, 0.8076923076923077, 0.8076923076923077, 0.9230769230769231, 0.7692307692307693, 0.9230769230769231, 0.8461538461538461, 0.8846153846153846, 0.8461538461538461, 0.8461538461538461, 0.9230769230769231, 0.8846153846153846, 0.9230769230769231], "val_loss": [39.8124298453331, 35.645939230918884, 35.04234582185745, 32.57914912700653, 32.050740480422974, 31.615587532520294, 29.841114073991776, 30.459747076034546, 31.82409369945526, 30.092799305915833, 28.519986003637314, 29.375548273324966, 28.7035970389843, 30.31317111849785, 29.762960970401764, 28.36768013238907, 29.173738211393356, 30.15488225221634, 32.48837608098984, 31.08349359035492, 31.55143105983734, 32.87693548202515, 31.70454329252243, 33.042118072509766, 33.717772126197815, 34.17610836029053], "val_acc": [0.5644748078565329, 0.6071733561058924, 0.6251067463706234, 0.6609735269000854, 0.6447480785653288, 0.6848847139197267, 0.6712211784799317, 0.6763450042698548, 0.6669513236549958, 0.6831767719897524, 0.7019641332194705, 0.695132365499573, 0.6976942783945346, 0.6994022203245089, 0.7079419299743809, 0.7250213492741246, 0.7250213492741246, 0.7062339880444065, 0.6985482493595218, 0.7207514944491887, 0.71733561058924, 0.7122117847993168, 0.71733561058924, 0.7250213492741246, 0.7113578138343296, 0.71733561058924], "val_f1": [0.5597211479711399, 0.5980383928886732, 0.617150064489125, 0.6574915765344848, 0.6463873569569164, 0.685463892005259, 0.6681271026474441, 0.6740535067822695, 0.6717753710449148, 0.6855201195102746, 0.6971971112465221, 0.6949655361745081, 0.7006379829722394, 0.7009953103784944, 0.7092581311089453, 0.7222965340567865, 0.7236628941693309, 0.7033804119745857, 0.6977096681086412, 0.7178594177060102, 0.7203975484995712, 0.7108799779413001, 0.720767732002133, 0.7234707002585044, 0.709810176051389, 0.7135796534508091], "val_recall": [0.5644748078565329, 0.6071733561058924, 0.6251067463706234, 0.6609735269000854, 0.6447480785653288, 0.6848847139197267, 0.6712211784799317, 0.6763450042698548, 0.6669513236549958, 0.6831767719897524, 0.7019641332194705, 0.695132365499573, 0.6976942783945346, 0.6994022203245089, 0.7079419299743809, 0.7250213492741246, 0.7250213492741246, 0.7062339880444065, 0.6985482493595218, 0.7207514944491887, 0.71733561058924, 0.7122117847993168, 0.71733561058924, 0.7250213492741246, 0.7113578138343296, 0.71733561058924], "val_precision": [0.5778252269291462, 0.6007048745831781, 0.6338544461559631, 0.6666355225332847, 0.6533422415179514, 0.6911367346957633, 0.6709125455029691, 0.6820327009174412, 0.6899114860284336, 0.6991913663849603, 0.7007478668241058, 0.6977649406323355, 0.7170589243623217, 0.7099313432081541, 0.7131946615310681, 0.7264579926612835, 0.7287670790788192, 0.7093162499226683, 0.7067655472256397, 0.7189332837691584, 0.7370868088377855, 0.7281289161201652, 0.7314329163069607, 0.7233210930189081, 0.7171924831820905, 0.7163765540313095]}