{"train_loss": [1020.2278676629066, 895.1366181373596, 839.0495480895042, 802.6253061890602, 770.080721616745, 745.6160423755646, 724.24512809515, 705.467724531889, 687.8512010276318, 671.4349139332771, 656.3598583638668, 643.64306807518, 628.218519538641, 613.2869855463505, 605.4817238152027, 595.4300377070904, 583.6514689922333, 578.3577887415886, 563.3884505927563, 552.8502080440521, 541.6769731640816, 537.7836440503597, 529.5005938112736, 517.7782132923603, 513.4818484336138, 507.5716854482889, 496.3164625018835, 492.0831541866064, 480.51587726175785, 476.84187811613083, 468.0091241300106, 465.6705909669399, 453.5563596636057, 452.92363552749157, 447.74878323078156, 438.8316639363766, 435.43432734906673, 430.61325454711914, 424.8637696504593, 415.74305060505867, 415.189401820302], "train_acc": [0.5769230769230769, 0.5, 0.5, 0.5769230769230769, 0.6153846153846154, 0.6153846153846154, 0.6153846153846154, 0.46153846153846156, 0.7307692307692307, 0.8846153846153846, 0.6538461538461539, 0.7307692307692307, 0.6923076923076923, 0.6538461538461539, 0.8846153846153846, 0.6538461538461539, 0.6923076923076923, 0.7307692307692307, 0.6538461538461539, 0.7307692307692307, 0.7692307692307693, 0.6923076923076923, 0.6923076923076923, 0.8076923076923077, 0.7692307692307693, 0.9230769230769231, 0.7307692307692307, 0.8076923076923077, 0.7692307692307693, 0.7307692307692307, 0.6923076923076923, 0.7692307692307693, 0.6923076923076923, 0.7692307692307693, 0.8076923076923077, 0.6538461538461539, 0.6923076923076923, 0.7307692307692307, 0.7307692307692307, 0.7692307692307693, 0.8461538461538461], "val_loss": [41.7154306769371, 39.35690414905548, 37.60104066133499, 35.75597381591797, 35.11005437374115, 34.49809771776199, 33.74869304895401, 33.002696454524994, 32.50708568096161, 31.200097620487213, 31.04610949754715, 31.522638022899628, 30.566035330295563, 30.367768049240112, 30.809121251106262, 30.092693209648132, 30.050688236951828, 29.27201235294342, 30.361747831106186, 29.383929431438446, 29.805141866207123, 29.09518051147461, 29.296995669603348, 28.563202500343323, 28.776065796613693, 28.82740867137909, 29.141436487436295, 28.717198759317398, 29.09535902738571, 28.398806363344193, 28.174411088228226, 28.650951594114304, 29.709965080022812, 28.775520116090775, 28.754855006933212, 28.29894495010376, 28.759617775678635, 28.645959973335266, 30.080777168273926, 30.3300319314003, 29.884165823459625], "val_acc": [0.555935098206661, 0.5738684884713919, 0.5798462852263023, 0.623398804440649, 0.6191289496157131, 0.6319385140905209, 0.6498719043552519, 0.6387702818104184, 0.659265584970111, 0.6643894107600341, 0.6746370623398804, 0.659265584970111, 0.6746370623398804, 0.6754910333048676, 0.677198975234842, 0.6806148590947908, 0.677198975234842, 0.6934244235695987, 0.6831767719897524, 0.6865926558497011, 0.6823228010247652, 0.7011101622544833, 0.6797608881298036, 0.7019641332194705, 0.6994022203245089, 0.7019641332194705, 0.703672075149445, 0.7045260461144321, 0.6994022203245089, 0.7122117847993168, 0.7147736976942783, 0.7122117847993168, 0.7156276686592656, 0.7139197267292912, 0.7062339880444065, 0.7216054654141759, 0.7113578138343296, 0.7096498719043552, 0.7096498719043552, 0.7028181041844578, 0.7105038428693424], "val_f1": [0.5250542770804976, 0.5669095911954002, 0.5748924837133046, 0.6109670253499406, 0.6079644331610711, 0.6133693023875443, 0.6368976850755205, 0.6407390013931326, 0.6563133857808039, 0.661869236063383, 0.667816862404379, 0.6574686595138859, 0.6697670084626945, 0.6766119036793453, 0.6725207672584146, 0.6755785704274372, 0.6758857139524148, 0.6913870150544587, 0.6791837042647427, 0.6872961387387252, 0.6788820788553386, 0.6975488374079725, 0.6785090815704004, 0.6979234230277339, 0.6974739306102028, 0.6977401504310041, 0.7000620422770798, 0.7024279245818797, 0.6992505609071165, 0.7108930904499188, 0.7124815966846958, 0.7086056685254043, 0.7112126285284114, 0.7113751529323212, 0.7062608378348768, 0.7204006288104281, 0.7137346029358637, 0.7084960025948936, 0.7080343932486557, 0.6995862196642685, 0.7076555413926168], "val_recall": [0.555935098206661, 0.5738684884713919, 0.5798462852263023, 0.623398804440649, 0.6191289496157131, 0.6319385140905209, 0.6498719043552519, 0.6387702818104184, 0.659265584970111, 0.6643894107600341, 0.6746370623398804, 0.659265584970111, 0.6746370623398804, 0.6754910333048676, 0.677198975234842, 0.6806148590947908, 0.677198975234842, 0.6934244235695987, 0.6831767719897524, 0.6865926558497011, 0.6823228010247652, 0.7011101622544833, 0.6797608881298036, 0.7019641332194705, 0.6994022203245089, 0.7019641332194705, 0.703672075149445, 0.7045260461144321, 0.6994022203245089, 0.7122117847993168, 0.7147736976942783, 0.7122117847993168, 0.7156276686592656, 0.7139197267292912, 0.7062339880444065, 0.7216054654141759, 0.7113578138343296, 0.7096498719043552, 0.7096498719043552, 0.7028181041844578, 0.7105038428693424], "val_precision": [0.5212258018419865, 0.580805618936517, 0.5978244370531123, 0.6200199616739057, 0.6098003330637545, 0.6345631469418833, 0.6551370646508528, 0.646001495423114, 0.6621713710017811, 0.6665753510536578, 0.6726221613701476, 0.671376855761901, 0.6706489504876428, 0.6844171135695162, 0.6943327799235318, 0.682417523706429, 0.6802513236814225, 0.6966157488659117, 0.6837510940009288, 0.6913550811839829, 0.686840352234535, 0.7030875730486295, 0.6849869347185666, 0.7010188270087385, 0.6996833545517943, 0.7048732433570808, 0.7060085477963273, 0.7019083519024628, 0.7029249721097014, 0.71562979596473, 0.7144133286396163, 0.7174472358620959, 0.7205982966346921, 0.7158798548145842, 0.7095656011484578, 0.722540308377015, 0.7222863699190242, 0.7091381239391422, 0.7105734523987962, 0.7082521745046509, 0.709281061962991]}