{"train_loss": [924.469536960125, 785.927804261446, 717.5655932724476, 669.4095624983311, 630.3953004479408, 597.0900526344776, 564.3924710452557, 536.8794292509556, 513.0331683456898, 486.545062482357, 465.0058975815773, 441.92821073532104, 424.0334949195385, 403.00906747579575, 380.7241844236851, 367.5853639245033, 349.7486505135894, 331.24597998708487, 315.7093881368637, 298.8356845676899, 290.9001709446311, 276.25755997002125, 263.30079489946365], "train_acc": [0.6153846153846154, 0.5769230769230769, 0.6923076923076923, 0.6153846153846154, 0.6923076923076923, 0.7692307692307693, 0.7692307692307693, 0.8461538461538461, 0.7692307692307693, 0.7307692307692307, 0.8461538461538461, 0.8846153846153846, 0.8846153846153846, 0.8461538461538461, 0.7307692307692307, 0.8461538461538461, 0.9230769230769231, 0.8846153846153846, 0.8461538461538461, 0.9615384615384616, 0.7307692307692307, 0.9615384615384616, 0.7307692307692307], "val_loss": [38.35333341360092, 36.9200741648674, 34.623128831386566, 32.281613647937775, 31.99107751250267, 32.16951364278793, 31.951288878917694, 31.306353598833084, 29.394048392772675, 29.115439653396606, 29.29824161529541, 28.461865425109863, 28.11840558052063, 28.90235725045204, 29.495707541704178, 29.827250063419342, 30.371863663196564, 29.719596564769745, 31.183701366186142, 32.783028930425644, 31.48518192768097, 33.679481104016304, 32.92607095837593], "val_acc": [0.5900939368061486, 0.5900939368061486, 0.6182749786507259, 0.6635354397950469, 0.667805294619983, 0.6669513236549958, 0.6695132365499573, 0.6789069171648164, 0.6985482493595218, 0.6994022203245089, 0.6848847139197267, 0.7011101622544833, 0.7190435525192144, 0.713065755764304, 0.71733561058924, 0.713065755764304, 0.7053800170794193, 0.7053800170794193, 0.7105038428693424, 0.6994022203245089, 0.7198975234842016, 0.71733561058924, 0.713065755764304], "val_f1": [0.5760122322259079, 0.5897478488038601, 0.6077605727564119, 0.6625304569025255, 0.6666615144962815, 0.6646799257468604, 0.6631802698507088, 0.6701774398294507, 0.6932728498794806, 0.6948888105765554, 0.6797842151022714, 0.7028952763034133, 0.7180449671148711, 0.7130293133244048, 0.7174736015002009, 0.709605119924359, 0.705120098093238, 0.7050357015420863, 0.7086475298933845, 0.6982124819280536, 0.7203445675718262, 0.7127425497529507, 0.7128930634745697], "val_recall": [0.5900939368061486, 0.5900939368061486, 0.6182749786507259, 0.6635354397950469, 0.667805294619983, 0.6669513236549958, 0.6695132365499573, 0.6789069171648164, 0.6985482493595218, 0.6994022203245089, 0.6848847139197267, 0.7011101622544833, 0.7190435525192144, 0.713065755764304, 0.71733561058924, 0.713065755764304, 0.7053800170794193, 0.7053800170794193, 0.7105038428693424, 0.6994022203245089, 0.7198975234842016, 0.71733561058924, 0.713065755764304], "val_precision": [0.5887905027777383, 0.6007400090571566, 0.6278312100974123, 0.6667200736174328, 0.6735883330544425, 0.6810469234129953, 0.6736478838309569, 0.6878004871520945, 0.6976460339675191, 0.7014244677515924, 0.6867521638705687, 0.7111746428253287, 0.7179958961691232, 0.7151868443124235, 0.7239268175097857, 0.7164459055216593, 0.7092179300430345, 0.709765274197836, 0.7096030507388157, 0.6983861938174423, 0.7238343775535525, 0.720500534918972, 0.7219102321509051]}