{"train_loss": [930.4024269580841, 789.7396613359451, 722.0428757369518, 670.5676522552967, 633.2875560224056, 597.8556540310383, 569.0010528564453, 540.4399057626724, 516.3356969952583, 492.0384024977684, 465.97523963451385, 444.79474127292633, 424.49203380942345, 401.54094360768795, 383.99384235590696, 366.06273674964905, 349.31306079030037, 334.1893670260906, 318.2846910431981, 302.1867613270879, 287.87436947226524, 275.6435024701059, 260.45634304732084, 250.32185150682926, 238.0946293771267], "train_acc": [0.6538461538461539, 0.5, 0.6538461538461539, 0.7692307692307693, 0.6153846153846154, 0.7692307692307693, 0.7307692307692307, 0.8076923076923077, 0.8076923076923077, 0.7307692307692307, 0.7692307692307693, 0.7307692307692307, 0.9230769230769231, 0.8846153846153846, 0.8461538461538461, 0.8846153846153846, 0.9230769230769231, 0.8846153846153846, 0.9615384615384616, 0.9230769230769231, 0.8846153846153846, 0.9230769230769231, 0.8461538461538461, 0.8846153846153846, 0.7692307692307693], "val_loss": [39.93649339675903, 36.241456151008606, 34.834491193294525, 33.235415995121, 31.205853700637817, 31.174261152744293, 31.346923172473907, 30.42007115483284, 30.623380720615387, 29.189383894205093, 29.976406008005142, 29.046750903129578, 30.405259996652603, 29.000338971614838, 28.75121122598648, 30.00413092970848, 29.26712265610695, 29.192805647850037, 30.720242023468018, 31.137741893529892, 30.51270905137062, 31.37138792872429, 32.75095343589783, 33.60520273447037, 33.312178045511246], "val_acc": [0.5866780529461998, 0.601195559350982, 0.6148590947907772, 0.6490179333902647, 0.6754910333048676, 0.6754910333048676, 0.6712211784799317, 0.6780529461998293, 0.6806148590947908, 0.6968403074295474, 0.7019641332194705, 0.6976942783945346, 0.7019641332194705, 0.7139197267292912, 0.7198975234842016, 0.7053800170794193, 0.7233134073441503, 0.7233134073441503, 0.71733561058924, 0.713065755764304, 0.7250213492741246, 0.7198975234842016, 0.7190435525192144, 0.7019641332194705, 0.7233134073441503], "val_f1": [0.5684838337396377, 0.6039253557918657, 0.6111774610873905, 0.6461710971261951, 0.6743662701710835, 0.6756730412975118, 0.6629677728180858, 0.6795214399189263, 0.6781093679948493, 0.6914516105176519, 0.6985466329581053, 0.7009637312140451, 0.7026154841946691, 0.7108983141239761, 0.7140818540970986, 0.7065440534456626, 0.7218737248903279, 0.7222866355473061, 0.7146005743397693, 0.7146351498817158, 0.724398488030795, 0.7181795969287985, 0.7216180268972664, 0.7024767879205199, 0.7233451987480556], "val_recall": [0.5866780529461998, 0.601195559350982, 0.6148590947907772, 0.6490179333902647, 0.6754910333048676, 0.6754910333048676, 0.6712211784799317, 0.6780529461998293, 0.6806148590947908, 0.6968403074295474, 0.7019641332194705, 0.6976942783945346, 0.7019641332194705, 0.7139197267292912, 0.7198975234842016, 0.7053800170794193, 0.7233134073441503, 0.7233134073441503, 0.71733561058924, 0.713065755764304, 0.7250213492741246, 0.7198975234842016, 0.7190435525192144, 0.7019641332194705, 0.7233134073441503], "val_precision": [0.5927616997921031, 0.6198137963373332, 0.6241020346771741, 0.661463969860148, 0.6786078554217159, 0.6883942151623962, 0.6830366671658025, 0.6883658322999934, 0.6965466613992728, 0.6950106187179791, 0.7057014254827252, 0.7096956634250666, 0.7047913140915014, 0.716056836375459, 0.7176505269259141, 0.7244025552348465, 0.7267038977452942, 0.729262265680352, 0.7198434199597692, 0.7237824337421881, 0.7294228468033265, 0.7226721458919318, 0.7297531993976499, 0.7045479067934893, 0.7235372979763195]}