{"train_loss": [930.0162976980209, 789.4030439257622, 721.7005153298378, 669.3576185703278, 631.7567833960056, 595.6661483645439, 566.1465800404549, 537.7291778028011, 512.8692808151245, 488.62628239393234, 463.580506503582, 441.79807275533676, 420.7686406597495, 398.2948023676872, 380.98569060862064, 362.88563933968544, 345.50598952174187, 331.8210335597396, 311.8936598151922, 299.22481859475374, 286.1777281463146, 271.71456548571587], "train_acc": [0.6538461538461539, 0.5384615384615384, 0.6538461538461539, 0.7307692307692307, 0.6538461538461539, 0.7307692307692307, 0.7307692307692307, 0.8846153846153846, 0.8076923076923077, 0.6923076923076923, 0.8076923076923077, 0.8076923076923077, 0.8846153846153846, 0.8461538461538461, 0.8076923076923077, 0.9230769230769231, 0.9615384615384616, 0.7692307692307693, 0.9230769230769231, 0.8846153846153846, 0.8846153846153846, 0.9230769230769231], "val_loss": [40.17168653011322, 36.299853444099426, 34.521977603435516, 33.40059405565262, 31.16551697254181, 31.072515964508057, 31.17595884203911, 30.635811150074005, 30.28070819377899, 28.81962814927101, 29.334884613752365, 28.343561679124832, 30.486296504735947, 29.104197949171066, 28.900816172361374, 30.7253435254097, 29.471707612276077, 29.57109960913658, 31.12655383348465, 33.342846393585205, 30.992902398109436, 30.48287871479988], "val_acc": [0.5841161400512382, 0.5977796754910333, 0.6199829205807003, 0.6421861656703672, 0.6840307429547395, 0.6763450042698548, 0.6789069171648164, 0.6754910333048676, 0.6857386848847139, 0.7062339880444065, 0.7122117847993168, 0.7096498719043552, 0.6942783945345858, 0.7190435525192144, 0.7250213492741246, 0.6994022203245089, 0.7207514944491887, 0.713065755764304, 0.7207514944491887, 0.7105038428693424, 0.71733561058924, 0.7233134073441503], "val_f1": [0.5600651883417113, 0.6009473995486097, 0.6164498183666971, 0.6384506277902403, 0.6826875130445784, 0.6760293648193727, 0.6727642231246714, 0.6772997617743357, 0.6834724099777099, 0.7022174954053705, 0.7080408894533472, 0.7121919462075857, 0.6958962457566276, 0.7158964032499723, 0.7212461286203986, 0.7018171282580806, 0.7200724924027959, 0.7133748880154361, 0.7180951124165301, 0.7134641403066453, 0.7154060906787428, 0.723983779593183], "val_recall": [0.5841161400512382, 0.5977796754910333, 0.6199829205807003, 0.6421861656703672, 0.6840307429547395, 0.6763450042698548, 0.6789069171648164, 0.6754910333048676, 0.6857386848847139, 0.7062339880444065, 0.7122117847993168, 0.7096498719043552, 0.6942783945345858, 0.7190435525192144, 0.7250213492741246, 0.6994022203245089, 0.7207514944491887, 0.713065755764304, 0.7207514944491887, 0.7105038428693424, 0.71733561058924, 0.7233134073441503], "val_precision": [0.5845245890020255, 0.6196131961887423, 0.6273932718102879, 0.6560457890056923, 0.6861630202524983, 0.6871229880444355, 0.6894298865169404, 0.6887449736371286, 0.7001455519024776, 0.7045647967259766, 0.7190494787690922, 0.7176385845785458, 0.7033902954507473, 0.7197774185638529, 0.7245074563699532, 0.7252264570055889, 0.7253133908813221, 0.7251820941525572, 0.7243408529096862, 0.7250613603777537, 0.7201091061274247, 0.7278149651284923]}