{"train_loss": [927.173716545105, 786.9790756106377, 721.4877607226372, 672.4560371339321, 632.744238525629, 595.9760951399803, 569.3596053421497, 542.9339594841003, 515.6142351478338, 490.0141913443804, 464.4017963409424, 447.03326626122, 425.9780818223953, 403.7037432938814, 385.5694759786129, 364.4598241597414, 350.63178761303425, 335.3443411141634, 320.05336087942123, 300.49466886371374, 290.5334911197424, 274.49557975679636, 265.1033506914973, 250.4238531589508], "train_acc": [0.46153846153846156, 0.6923076923076923, 0.5384615384615384, 0.6923076923076923, 0.7692307692307693, 0.8461538461538461, 0.7692307692307693, 0.7307692307692307, 0.7307692307692307, 0.7307692307692307, 0.6538461538461539, 0.7307692307692307, 0.9230769230769231, 0.8846153846153846, 0.7692307692307693, 0.7692307692307693, 0.8846153846153846, 0.8461538461538461, 0.8461538461538461, 0.9230769230769231, 0.8846153846153846, 0.8076923076923077, 0.8461538461538461, 0.9615384615384616], "val_loss": [39.176935970783234, 36.24427384138107, 35.37729811668396, 32.9401838183403, 32.230428814888, 31.52780508995056, 33.509070724248886, 29.829325437545776, 31.9814350605011, 29.966287970542908, 30.461874186992645, 29.863876044750214, 30.036071240901947, 28.43469402194023, 30.615603893995285, 31.289689660072327, 29.286972165107727, 32.08864098787308, 29.518999695777893, 31.207054644823074, 32.022293239831924, 32.03986406326294, 30.89573922753334, 31.25461807847023], "val_acc": [0.569598633646456, 0.6020495303159693, 0.6088812980358668, 0.6541417591801879, 0.6584116140051238, 0.667805294619983, 0.6609735269000854, 0.6900085397096499, 0.6695132365499573, 0.6746370623398804, 0.6917164816396243, 0.6874466268146883, 0.7011101622544833, 0.7139197267292912, 0.6985482493595218, 0.7002561912894961, 0.7096498719043552, 0.695132365499573, 0.7156276686592656, 0.7096498719043552, 0.7105038428693424, 0.7053800170794193, 0.7284372331340735, 0.7198975234842016], "val_f1": [0.5676492216569827, 0.5988910389543471, 0.6069505959642099, 0.6485862193020157, 0.6580413355940228, 0.669920735253693, 0.6534737440757378, 0.6882127677779014, 0.6730122849756598, 0.6761044894309796, 0.6835367837224355, 0.6791299274212718, 0.6992159871136794, 0.7112101781635926, 0.6969707374050281, 0.6921164453333223, 0.707154805653639, 0.6899123864475488, 0.7145213777637515, 0.7117728169775688, 0.7113102045649873, 0.7059642443574875, 0.7270430322941964, 0.7187363521711022], "val_recall": [0.569598633646456, 0.6020495303159693, 0.6088812980358668, 0.6541417591801879, 0.6584116140051238, 0.667805294619983, 0.6609735269000854, 0.6900085397096499, 0.6695132365499573, 0.6746370623398804, 0.6917164816396243, 0.6874466268146883, 0.7011101622544833, 0.7139197267292912, 0.6985482493595218, 0.7002561912894961, 0.7096498719043552, 0.695132365499573, 0.7156276686592656, 0.7096498719043552, 0.7105038428693424, 0.7053800170794193, 0.7284372331340735, 0.7198975234842016], "val_precision": [0.576350508407843, 0.6020838095239619, 0.6309486559530684, 0.6569886256417259, 0.6728043628366799, 0.677456559961525, 0.689842344178103, 0.6894550864665246, 0.6873295872670018, 0.6823064253388332, 0.7011915710966599, 0.6899598772357098, 0.7062624523043901, 0.7116049668199138, 0.706197222593201, 0.6986666783263553, 0.7088076862279085, 0.7104585136553323, 0.716021576859937, 0.7170157423845983, 0.714891107272067, 0.7152739190950638, 0.7290153269971361, 0.7186697723946699]}