{"train_loss": [932.168078660965, 791.3200026750565, 725.4258891642094, 674.4904772639275, 636.8271644115448, 606.2838895916939, 573.7233175635338, 544.8368575870991, 519.0437026619911, 495.28770139813423, 472.19649904966354, 450.51142129302025, 430.30586107075214, 410.66612362861633, 388.6805172711611, 371.07445250451565, 353.6814121454954, 336.9146693199873, 323.7880393117666, 308.4154762327671, 290.74169247597456, 280.71951676532626, 265.6899022087455], "train_acc": [0.7692307692307693, 0.6923076923076923, 0.7692307692307693, 0.8076923076923077, 0.7307692307692307, 0.6923076923076923, 0.6538461538461539, 0.8461538461538461, 0.7307692307692307, 0.6153846153846154, 0.8846153846153846, 0.8461538461538461, 0.7692307692307693, 0.8461538461538461, 0.7692307692307693, 0.7307692307692307, 0.8461538461538461, 0.9615384615384616, 0.8846153846153846, 0.8846153846153846, 0.8461538461538461, 0.9230769230769231, 0.7692307692307693], "val_loss": [39.953773021698, 36.29158562421799, 35.029429376125336, 32.909008622169495, 32.255176067352295, 31.108008325099945, 30.445744276046753, 30.38381239771843, 30.182625859975815, 29.27296757698059, 28.67918485403061, 29.950777411460876, 28.455924063920975, 30.024631291627884, 28.632808685302734, 29.61475333571434, 31.10006433725357, 29.925084710121155, 29.20818692445755, 30.221967726945877, 30.024105221033096, 33.14541554450989, 32.168239533901215], "val_acc": [0.5661827497865073, 0.6046114432109309, 0.6259607173356105, 0.6464560204953032, 0.6541417591801879, 0.6660973526900086, 0.6789069171648164, 0.6865926558497011, 0.6865926558497011, 0.6976942783945346, 0.7019641332194705, 0.7019641332194705, 0.7139197267292912, 0.6806148590947908, 0.7190435525192144, 0.7190435525192144, 0.6968403074295474, 0.7224594363791631, 0.7233134073441503, 0.7079419299743809, 0.7318531169940222, 0.7147736976942783, 0.71733561058924], "val_f1": [0.5510767717597391, 0.6046203389777004, 0.6101472361393183, 0.6420754588937687, 0.65245395520522, 0.6621100660171655, 0.6706752420132417, 0.6880945167646719, 0.6813730097915006, 0.6969418500389182, 0.7012898576418843, 0.6947132320374712, 0.7121700015930478, 0.6828303686616395, 0.7201461526613377, 0.7158767227490298, 0.6991565834011874, 0.7170108568073993, 0.7238031896065622, 0.708255003230605, 0.7305869515235958, 0.7125423644431129, 0.7146165876548006], "val_recall": [0.5661827497865073, 0.6046114432109309, 0.6259607173356105, 0.6464560204953032, 0.6541417591801879, 0.6660973526900086, 0.6789069171648164, 0.6865926558497011, 0.6865926558497011, 0.6976942783945346, 0.7019641332194705, 0.7019641332194705, 0.7139197267292912, 0.6806148590947908, 0.7190435525192144, 0.7190435525192144, 0.6968403074295474, 0.7224594363791631, 0.7233134073441503, 0.7079419299743809, 0.7318531169940222, 0.7147736976942783, 0.71733561058924], "val_precision": [0.5877564355636536, 0.6108443340406342, 0.651656038810691, 0.6450235300862811, 0.6647899952371203, 0.672002832702897, 0.6859107381428194, 0.6928486974620898, 0.6893194601731887, 0.7001677684579044, 0.7039187195307893, 0.7063341197782188, 0.7123309250514044, 0.7044288779150834, 0.7229610765183742, 0.723708955617115, 0.7049396042901597, 0.7244375388032572, 0.7260454435650476, 0.7143783608160155, 0.7340682528297408, 0.7138667624402132, 0.7184201424732694]}