{"train_loss": [929.75158649683, 791.5644615292549, 726.4449999034405, 679.9774337410927, 640.9240552484989, 603.2194480597973, 573.6793577671051, 548.846060782671, 522.6376666128635, 495.9538139104843, 473.2638776153326, 453.1645074188709, 429.53434324264526, 411.97071684896946, 390.13561898469925, 372.0065303891897, 354.2473275512457, 338.90609711408615, 322.8354052528739, 303.99902272224426, 291.1224645525217, 283.66358986869454, 266.94951343536377], "train_acc": [0.6538461538461539, 0.6923076923076923, 0.6153846153846154, 0.6153846153846154, 0.6538461538461539, 0.5769230769230769, 0.8076923076923077, 0.5769230769230769, 0.7692307692307693, 0.8076923076923077, 0.6923076923076923, 0.8076923076923077, 0.7692307692307693, 0.8076923076923077, 0.7692307692307693, 0.6923076923076923, 0.8461538461538461, 0.9230769230769231, 0.9230769230769231, 0.8076923076923077, 0.8076923076923077, 0.9615384615384616, 0.8076923076923077], "val_loss": [39.795785784721375, 35.46859031915665, 35.401638984680176, 33.47868025302887, 32.23840081691742, 32.88393348455429, 31.497663140296936, 30.884718358516693, 30.67505145072937, 29.342785865068436, 29.075003743171692, 29.44925221800804, 28.503328680992126, 30.17523717880249, 29.410044580698013, 30.611233204603195, 31.816285848617554, 30.805065721273422, 30.522706001996994, 31.01719757914543, 31.85375276207924, 32.266488671302795, 34.77011024951935], "val_acc": [0.5661827497865073, 0.6242527754056362, 0.6157130657557643, 0.6362083689154568, 0.6567036720751495, 0.6447480785653288, 0.6703672075149445, 0.6865926558497011, 0.6840307429547395, 0.6976942783945346, 0.6917164816396243, 0.7019641332194705, 0.7105038428693424, 0.7002561912894961, 0.7164816396242528, 0.7105038428693424, 0.6942783945345858, 0.7045260461144321, 0.7198975234842016, 0.7164816396242528, 0.6994022203245089, 0.7241673783091375, 0.7070879590093937], "val_f1": [0.5648521480635628, 0.6174913145815677, 0.6148731685513149, 0.6323291488314604, 0.6544392290042453, 0.6402762815587901, 0.663247581581865, 0.685670671822427, 0.6857165806706006, 0.6993119386706401, 0.692512906874544, 0.7018848906162364, 0.7109732166702495, 0.697313668888032, 0.7175776603326037, 0.7064773135900588, 0.6923492092840591, 0.7049784774069978, 0.7207128048554923, 0.7134458827620549, 0.7018002264488753, 0.7213941654420317, 0.7066312430576964], "val_recall": [0.5661827497865073, 0.6242527754056362, 0.6157130657557643, 0.6362083689154568, 0.6567036720751495, 0.6447480785653288, 0.6703672075149445, 0.6865926558497011, 0.6840307429547395, 0.6976942783945346, 0.6917164816396243, 0.7019641332194705, 0.7105038428693424, 0.7002561912894961, 0.7164816396242528, 0.7105038428693424, 0.6942783945345858, 0.7045260461144321, 0.7198975234842016, 0.7164816396242528, 0.6994022203245089, 0.7241673783091375, 0.7070879590093937], "val_precision": [0.5863361945507974, 0.6187875305095053, 0.6273343013255778, 0.640574858664316, 0.660228170334415, 0.6718997606870203, 0.6787779182898425, 0.6929184060111493, 0.6961756602031116, 0.7038177050634467, 0.6987620872516834, 0.7094243983613422, 0.7129604770209358, 0.710494004310764, 0.7193822707480962, 0.708746079955609, 0.6999358985958177, 0.7103152582783115, 0.7244913174956107, 0.721148892944204, 0.7081978883352887, 0.72901912384602, 0.7194921977110689]}