{"train_loss": [927.0387579798698, 792.3312231898308, 725.9798309803009, 674.090264827013, 636.2548549175262, 601.5353749990463, 572.5208160281181, 543.3746174871922, 521.2043915241957, 493.2323407381773, 468.2643783837557, 444.96675615012646, 426.13696083426476, 403.7890857756138, 385.60261857509613, 365.5931722074747, 349.7635949328542, 336.1063695847988, 319.28037413954735, 302.2938276864588, 287.03501330316067, 275.28514309227467, 263.25512347742915, 250.37021712958813, 239.548405662179, 229.78461920842528, 211.03851463273168, 210.10673235356808], "train_acc": [0.6153846153846154, 0.5769230769230769, 0.6538461538461539, 0.5384615384615384, 0.7692307692307693, 0.6153846153846154, 0.8076923076923077, 0.8076923076923077, 0.7692307692307693, 0.8076923076923077, 0.8461538461538461, 0.8846153846153846, 0.7307692307692307, 0.6923076923076923, 0.8846153846153846, 0.7692307692307693, 0.8461538461538461, 0.9615384615384616, 0.8846153846153846, 0.8846153846153846, 0.8846153846153846, 0.8076923076923077, 0.9230769230769231, 0.8461538461538461, 0.9230769230769231, 0.9230769230769231, 0.9230769230769231, 0.9230769230769231], "val_loss": [41.28609412908554, 35.394084095954895, 35.481215476989746, 32.62945306301117, 31.780346989631653, 31.40661257505417, 30.43113547563553, 29.93080735206604, 31.39939910173416, 29.501655220985413, 30.072548538446426, 30.518903970718384, 28.320773541927338, 28.36786463856697, 28.50424152612686, 28.2911516726017, 30.192317366600037, 28.053950428962708, 30.426845759153366, 30.997727274894714, 29.386150360107422, 32.25202885270119, 31.17271938920021, 32.29092022776604, 35.012109488248825, 33.860980570316315, 33.73848259449005, 35.690288722515106], "val_acc": [0.5516652433817251, 0.6071733561058924, 0.6148590947907772, 0.6430401366353544, 0.6567036720751495, 0.672929120409906, 0.6823228010247652, 0.6874466268146883, 0.6865926558497011, 0.6976942783945346, 0.6883005977796754, 0.6900085397096499, 0.7070879590093937, 0.7096498719043552, 0.71733561058924, 0.7181895815542272, 0.7105038428693424, 0.7292912040990607, 0.7062339880444065, 0.7224594363791631, 0.7216054654141759, 0.7062339880444065, 0.6959863364645602, 0.713065755764304, 0.7122117847993168, 0.71733561058924, 0.7378309137489325, 0.7275832621690862], "val_f1": [0.5230023666125089, 0.5966077190421265, 0.6093470481467036, 0.6437798949218537, 0.6594322708157587, 0.671421059910027, 0.6842242826237455, 0.6816893986344509, 0.6775812413403252, 0.6949819016343018, 0.6861501319418202, 0.6904596377752746, 0.7038844001269096, 0.7088405766663015, 0.7155161974767463, 0.7187691374210716, 0.7049668965400019, 0.7298947382089644, 0.7046274952410071, 0.7232340567504756, 0.7204466718346613, 0.7085854120447145, 0.699696387598498, 0.714380368506815, 0.7101492416726144, 0.7138709177355272, 0.737485688134, 0.7263185897492839], "val_recall": [0.5516652433817251, 0.6071733561058924, 0.6148590947907772, 0.6430401366353544, 0.6567036720751495, 0.672929120409906, 0.6823228010247652, 0.6874466268146883, 0.6865926558497011, 0.6976942783945346, 0.6883005977796754, 0.6900085397096499, 0.7070879590093937, 0.7096498719043552, 0.71733561058924, 0.7181895815542272, 0.7105038428693424, 0.7292912040990607, 0.7062339880444065, 0.7224594363791631, 0.7216054654141759, 0.7062339880444065, 0.6959863364645602, 0.713065755764304, 0.7122117847993168, 0.71733561058924, 0.7378309137489325, 0.7275832621690862], "val_precision": [0.5695759671451888, 0.5974436043683448, 0.6316989416390131, 0.6560741729642152, 0.6652344853630157, 0.6889963888775797, 0.6941071190802914, 0.6993593881560354, 0.7067263898388523, 0.7011994049920455, 0.6958400552194649, 0.7001410359165511, 0.7095232196542579, 0.7124567377681051, 0.7163866349879467, 0.7222655702571049, 0.7110366487527976, 0.7341353810027227, 0.7068763337151213, 0.7249621529305983, 0.722992085128532, 0.7165345375150204, 0.7115336170828166, 0.7249553861645519, 0.7128536914234087, 0.7224510379154632, 0.7395338619740476, 0.7260185354635088]}