{"train_loss": [930.4721204638481, 791.6003000736237, 720.5880884826183, 673.0862233936787, 631.8104416429996, 601.3768218457699, 572.0996473133564, 538.9995450675488, 515.5317755937576, 489.43352821469307, 468.6119865477085, 441.78984417021275, 423.6919046193361, 400.54351530969143, 385.0062226206064, 366.3356657549739, 345.22454538941383, 329.36546732485294, 316.90035972744226, 299.77031726390123, 284.7108379006386, 270.78058864176273, 258.70127703249454, 247.73890129476786, 239.15876092761755, 226.18508633598685, 216.35770018398762, 203.76019709184766, 197.25074214488268], "train_acc": [0.5, 0.5384615384615384, 0.7307692307692307, 0.6923076923076923, 0.6923076923076923, 0.6923076923076923, 0.6923076923076923, 0.6923076923076923, 0.6923076923076923, 0.7692307692307693, 0.6538461538461539, 0.8461538461538461, 0.7692307692307693, 0.8846153846153846, 0.6923076923076923, 0.9230769230769231, 0.8461538461538461, 0.9230769230769231, 0.8461538461538461, 0.8076923076923077, 0.8461538461538461, 0.8076923076923077, 0.8461538461538461, 0.9230769230769231, 0.8076923076923077, 0.8461538461538461, 0.8846153846153846, 0.9230769230769231, 0.8461538461538461], "val_loss": [38.676684737205505, 35.76827448606491, 35.20473235845566, 32.67996007204056, 32.0424739420414, 31.624197006225586, 30.163228809833527, 30.232309460639954, 29.54715496301651, 29.764117538928986, 28.845604926347733, 30.625200748443604, 28.88474902510643, 30.06830930709839, 29.08639481663704, 29.07960945367813, 28.81368860602379, 29.118086993694305, 28.185274332761765, 31.964281022548676, 30.90428653359413, 31.902368754148483, 30.975590527057648, 34.543489903211594, 33.07636532187462, 33.659976810216904, 33.78312134742737, 35.093071192502975, 33.98523858189583], "val_acc": [0.5900939368061486, 0.6088812980358668, 0.6157130657557643, 0.6430401366353544, 0.6515798462852262, 0.6686592655849701, 0.6831767719897524, 0.6908625106746371, 0.7028181041844578, 0.6968403074295474, 0.7096498719043552, 0.6934244235695987, 0.7011101622544833, 0.6942783945345858, 0.7113578138343296, 0.7096498719043552, 0.7233134073441503, 0.7284372331340735, 0.7301451750640479, 0.7156276686592656, 0.7233134073441503, 0.7207514944491887, 0.726729291204099, 0.7198975234842016, 0.7070879590093937, 0.7216054654141759, 0.7139197267292912, 0.7139197267292912, 0.7284372331340735], "val_f1": [0.5735218773615753, 0.6057071107030685, 0.6085152388705098, 0.6463732468504567, 0.6504296499371379, 0.6617440308895585, 0.6806982506352875, 0.6933469312372919, 0.701997609033808, 0.6868864258191592, 0.7106466723494098, 0.6951462332506428, 0.7012464131151421, 0.6988398729281463, 0.7088805406944527, 0.7068535515947474, 0.7216457728398639, 0.7276253992573215, 0.7303667145560548, 0.7124637493346797, 0.7206239361457545, 0.7218584756810217, 0.7254086788067556, 0.7159958733628671, 0.7088074804159937, 0.7231613588589517, 0.7173375829809665, 0.7163830477806039, 0.727565842130283], "val_recall": [0.5900939368061486, 0.6088812980358668, 0.6157130657557643, 0.6430401366353544, 0.6515798462852262, 0.6686592655849701, 0.6831767719897524, 0.6908625106746371, 0.7028181041844578, 0.6968403074295474, 0.7096498719043552, 0.6934244235695987, 0.7011101622544833, 0.6942783945345858, 0.7113578138343296, 0.7096498719043552, 0.7233134073441503, 0.7284372331340735, 0.7301451750640479, 0.7156276686592656, 0.7233134073441503, 0.7207514944491887, 0.726729291204099, 0.7198975234842016, 0.7070879590093937, 0.7216054654141759, 0.7139197267292912, 0.7139197267292912, 0.7284372331340735], "val_precision": [0.6009631603525482, 0.6068830212589973, 0.6233277834366391, 0.6592030693856065, 0.6566592293052227, 0.6660682708832606, 0.6853377891369892, 0.7053445755763406, 0.7034616948110347, 0.7023909862104681, 0.7156319476724996, 0.710119269213866, 0.7155625173598845, 0.7254269808702534, 0.7163200657458528, 0.7135292890448268, 0.7272168425628263, 0.7288562169470326, 0.7370507616428895, 0.7142356276302169, 0.7246190886091264, 0.7300920459598709, 0.7290192042514402, 0.7258924396993836, 0.7152511987267678, 0.73347414065058, 0.73024926954136, 0.7210237204260087, 0.7314753594619938]}