{"train_loss": [933.112820327282, 791.6789344549179, 727.3991101384163, 672.9767417609692, 636.9406389594078, 602.6003104448318, 573.9823084771633, 544.0595779120922, 518.5355187356472, 493.4734588563442, 469.9933976083994, 445.00033420324326, 427.9945533275604, 406.56040002405643, 389.6762003302574, 369.49991650879383, 351.66864420473576, 334.511408880353, 320.5416155233979, 305.7512216642499, 293.0816845521331, 278.44557500630617, 266.39441285282373, 255.18470209091902], "train_acc": [0.7307692307692307, 0.5769230769230769, 0.6153846153846154, 0.6153846153846154, 0.5, 0.8461538461538461, 0.8076923076923077, 0.6153846153846154, 0.7692307692307693, 0.6538461538461539, 0.9230769230769231, 0.7692307692307693, 0.8076923076923077, 0.6923076923076923, 0.8461538461538461, 0.9615384615384616, 0.8461538461538461, 0.9615384615384616, 0.8846153846153846, 0.8461538461538461, 0.7692307692307693, 0.9615384615384616, 0.9230769230769231, 0.8846153846153846], "val_loss": [39.479052901268005, 36.568990767002106, 35.94175946712494, 33.913730800151825, 32.92021691799164, 31.261630356311798, 30.265331894159317, 30.06099185347557, 30.550311625003815, 30.32668963074684, 29.42388007044792, 29.141441643238068, 29.568377435207367, 28.050242632627487, 29.284483402967453, 35.12365406751633, 29.76156684756279, 31.320728719234467, 29.126902103424072, 29.62918522953987, 31.579474091529846, 31.726462602615356, 30.735882192850113, 33.79633590579033], "val_acc": [0.5653287788215201, 0.5935098206660974, 0.6114432109308283, 0.6387702818104184, 0.6302305721605466, 0.6601195559350982, 0.6891545687446626, 0.6823228010247652, 0.6763450042698548, 0.6831767719897524, 0.7079419299743809, 0.7028181041844578, 0.6934244235695987, 0.7233134073441503, 0.7122117847993168, 0.6336464560204953, 0.7164816396242528, 0.7062339880444065, 0.7258753202391118, 0.7224594363791631, 0.7198975234842016, 0.730999146029035, 0.7216054654141759, 0.7156276686592656], "val_f1": [0.5541387424934756, 0.5808760231552095, 0.6184744780146875, 0.6316480146606394, 0.6335652020749161, 0.6556821964120122, 0.6828885852508603, 0.680876719255216, 0.6791590141615035, 0.6834721811905974, 0.7060141953575976, 0.7028150536548088, 0.693331155169762, 0.7189387271023279, 0.7083223926019532, 0.6454289213772295, 0.7126010052953686, 0.7018214819372827, 0.7235705272409816, 0.7229188616573963, 0.7166379598599324, 0.7296707844069873, 0.72167782520129, 0.7159103153537126], "val_recall": [0.5653287788215201, 0.5935098206660974, 0.6114432109308283, 0.6387702818104184, 0.6302305721605466, 0.6601195559350982, 0.6891545687446626, 0.6823228010247652, 0.6763450042698548, 0.6831767719897524, 0.7079419299743809, 0.7028181041844578, 0.6934244235695987, 0.7233134073441503, 0.7122117847993168, 0.6336464560204953, 0.7164816396242528, 0.7062339880444065, 0.7258753202391118, 0.7224594363791631, 0.7198975234842016, 0.730999146029035, 0.7216054654141759, 0.7156276686592656], "val_precision": [0.5716242301587601, 0.5980206674395767, 0.6385812966924003, 0.6563660016126283, 0.6475907049714085, 0.6600955732521478, 0.6880225897844275, 0.6846214111411681, 0.698370353611847, 0.7065545435098755, 0.7078478003868475, 0.7072302277819738, 0.7006037153685929, 0.7256657555660115, 0.7113378206805597, 0.6989027564156043, 0.7139486514577794, 0.7075344185138349, 0.7263001640516282, 0.7256336128690738, 0.7254400856833984, 0.7354323644584085, 0.7243885372957974, 0.7281210201048615]}