{"train_loss": [927.1750560998917, 789.8301078677177, 722.550990074873, 673.0801056921482, 632.5131610035896, 599.2362421751022, 568.2681055963039, 540.8281179964542, 511.24721179902554, 491.3371809273958, 465.6514563560486, 444.1311781257391, 422.7798956781626, 403.1881286650896, 385.39035364985466, 367.77342788875103, 350.531423099339, 333.83521838486195, 316.4431088119745, 303.42712193727493, 291.4532698020339, 273.98440895974636], "train_acc": [0.5384615384615384, 0.6923076923076923, 0.5384615384615384, 0.5769230769230769, 0.6923076923076923, 0.6923076923076923, 0.7307692307692307, 0.7307692307692307, 0.7692307692307693, 0.8461538461538461, 0.8461538461538461, 0.7692307692307693, 0.7307692307692307, 0.7692307692307693, 0.8076923076923077, 0.7307692307692307, 0.8076923076923077, 0.8846153846153846, 0.9230769230769231, 0.8076923076923077, 0.8461538461538461, 0.9230769230769231], "val_loss": [39.521773755550385, 36.164533257484436, 34.5808270573616, 33.47083467245102, 33.3151872754097, 31.12761652469635, 30.929518163204193, 31.072611331939697, 29.92057517170906, 30.433173686265945, 30.030216723680496, 29.039848893880844, 29.54780638217926, 30.418407648801804, 31.00174754858017, 30.461714804172516, 31.468861430883408, 31.516679644584656, 32.09617802500725, 31.3568135201931, 33.19910079240799, 34.07265117764473], "val_acc": [0.5653287788215201, 0.5943637916310845, 0.627668659265585, 0.6379163108454312, 0.6336464560204953, 0.6763450042698548, 0.6823228010247652, 0.6857386848847139, 0.6797608881298036, 0.6848847139197267, 0.6891545687446626, 0.6968403074295474, 0.6994022203245089, 0.6900085397096499, 0.6968403074295474, 0.7087959009393681, 0.7053800170794193, 0.6976942783945346, 0.7002561912894961, 0.713065755764304, 0.6968403074295474, 0.7105038428693424], "val_f1": [0.5568709655056392, 0.5871666686037782, 0.6261141007055465, 0.633726818312853, 0.6395708781811764, 0.6774417085124353, 0.6751143447972131, 0.6875614874316082, 0.6713537660614922, 0.6868409487138062, 0.6886394639833754, 0.693573189164949, 0.6991558709638751, 0.6849003994140956, 0.6989362890486529, 0.7064142034522435, 0.6996414504902395, 0.6981981488704515, 0.6984722663656352, 0.709767487046996, 0.7000916394313618, 0.7088805468015373], "val_recall": [0.5653287788215201, 0.5943637916310845, 0.627668659265585, 0.6379163108454312, 0.6336464560204953, 0.6763450042698548, 0.6823228010247652, 0.6857386848847139, 0.6797608881298036, 0.6848847139197267, 0.6891545687446626, 0.6968403074295474, 0.6994022203245089, 0.6900085397096499, 0.6968403074295474, 0.7087959009393681, 0.7053800170794193, 0.6976942783945346, 0.7002561912894961, 0.713065755764304, 0.6968403074295474, 0.7105038428693424], "val_precision": [0.5841369090672359, 0.5883064755639411, 0.6375298471428046, 0.649587295812057, 0.658915002934082, 0.6830816058732431, 0.6810342543008473, 0.6958144950284446, 0.6772550762608794, 0.6932441342251652, 0.6973005205040204, 0.6945460073792532, 0.6992124004533175, 0.6914661990070308, 0.7073228196639287, 0.7119345822013226, 0.7053017028474036, 0.7014283435668304, 0.7013922104057172, 0.7126975633993164, 0.7099755076512642, 0.7137956664042855]}