{"train_loss": [44.488513987511396, 19.163263386115432, 11.882777911610901, 8.284425615740474, 6.936343813402345, 7.2520119707915], "train_acc": [0.9285714285714286, 0.9642857142857143, 1.0, 1.0, 1.0, 0.9642857142857143], "val_loss": [1.1622366234660149, 2.7212559543550014, 2.672682397067547, 1.579410344362259, 1.5642862729728222, 2.1630657389760017], "val_acc": [0.9473684210526315, 0.9276315789473685, 0.9013157894736842, 0.9144736842105263, 0.9473684210526315, 0.8947368421052632], "val_f1": [0.9465138148479121, 0.926280765056543, 0.899551102492279, 0.9129448037342774, 0.9470431543339222, 0.891418669050248], "val_recall": [0.9473684210526315, 0.9276315789473685, 0.9013157894736842, 0.9144736842105263, 0.9473684210526315, 0.8947368421052632], "val_precision": [0.9493143492547984, 0.9336774310312618, 0.9135053115695765, 0.921750262605042, 0.9469161184210527, 0.8973177847694102]}