{"train_loss": [82.25659731030464, 31.210406586527824, 23.810326613485813, 19.598456248641014, 16.855574149638414, 14.708496872335672, 13.116379156708717, 11.95897750928998, 10.778230347670615, 10.296268865466118, 9.055357870645821, 8.25639550294727, 7.641690670978278, 6.890636681579053, 5.660904176533222, 5.430069248192012, 5.494066515006125, 5.127405238803476, 3.9060225803405046, 3.8088236269541085, 3.959878415800631, 3.5502078919671476, 2.602243162225932, 2.428905000910163, 2.213492574635893, 1.6956371581181884, 1.58368373173289], "train_acc": [0.9285714285714286, 0.9642857142857143, 0.9642857142857143, 0.9285714285714286, 0.9285714285714286, 0.8928571428571429, 0.9642857142857143, 0.9642857142857143, 0.9642857142857143, 1.0, 1.0, 1.0, 1.0, 1.0, 1.0, 1.0, 1.0, 0.9642857142857143, 0.9642857142857143, 1.0, 1.0, 0.9642857142857143, 1.0, 1.0, 1.0, 1.0, 1.0], "val_loss": [1.9784139394760132, 1.4474174678325653, 1.3768169283866882, 1.03972053155303, 1.0248364061117172, 0.8339375630021095, 0.8314175009727478, 0.7593160606920719, 0.8776312544941902, 0.737586572766304, 0.8263460695743561, 0.7327127307653427, 0.6512677110731602, 0.7244641249999404, 0.7651223698630929, 0.7171381656080484, 0.6423588506877422, 0.8083158768713474, 0.6604836154729128, 0.7770142368972301, 0.7170184068381786, 0.7628201385959983, 0.8032873896881938, 0.8950390964746475, 0.8107155598700047, 0.7638749405741692, 0.863826522603631], "val_acc": [0.9144736842105263, 0.9276315789473685, 0.9276315789473685, 0.9539473684210527, 0.9342105263157895, 0.9473684210526315, 0.9473684210526315, 0.9473684210526315, 0.9407894736842105, 0.9539473684210527, 0.9473684210526315, 0.9539473684210527, 0.9539473684210527, 0.9605263157894737, 0.9539473684210527, 0.9539473684210527, 0.9605263157894737, 0.9473684210526315, 0.9473684210526315, 0.9473684210526315, 0.9473684210526315, 0.9539473684210527, 0.9605263157894737, 0.9473684210526315, 0.9605263157894737, 0.9539473684210527, 0.9605263157894737], "val_f1": [0.9131161236424393, 0.925730545000494, 0.9258738330723444, 0.9532039402503958, 0.9332602262397633, 0.9462425484615493, 0.9460445291213319, 0.9465448055790503, 0.9398774211624271, 0.9531594791576642, 0.9459419237625268, 0.9529099328781723, 0.9529099328781723, 0.9598363073113575, 0.9531493129405678, 0.952899766661076, 0.9598363073113575, 0.9459419237625268, 0.9467952020951502, 0.9465448055790503, 0.947075687257545, 0.952899766661076, 0.9598363073113575, 0.946438849260914, 0.9598363073113575, 0.952899766661076, 0.9598363073113575], "val_recall": [0.9144736842105263, 0.9276315789473685, 0.9276315789473685, 0.9539473684210527, 0.9342105263157895, 0.9473684210526315, 0.9473684210526315, 0.9473684210526315, 0.9407894736842105, 0.9539473684210527, 0.9473684210526315, 0.9539473684210527, 0.9539473684210527, 0.9605263157894737, 0.9539473684210527, 0.9539473684210527, 0.9605263157894737, 0.9473684210526315, 0.9473684210526315, 0.9473684210526315, 0.9473684210526315, 0.9539473684210527, 0.9605263157894737, 0.9473684210526315, 0.9605263157894737, 0.9539473684210527, 0.9605263157894737], "val_precision": [0.9181433823529412, 0.934017394338118, 0.93279149975656, 0.9564277376910016, 0.9352562870243792, 0.9467650067535357, 0.9483912800378739, 0.9484496832358674, 0.940981899792585, 0.9538300832378498, 0.9479999918375341, 0.9542327901968182, 0.9542327901968182, 0.9608169068340914, 0.9537923411094351, 0.9541950480684033, 0.9608169068340914, 0.9479999918375341, 0.947229057901415, 0.9484496832358674, 0.9484765417331207, 0.9541950480684033, 0.9608169068340914, 0.9472018706804891, 0.9608169068340914, 0.9541950480684033, 0.9608169068340914]}