{"train_loss": [0.42921093467034793, 0.16643032962946516, 0.09886328397612823, 0.05528497210838587, 0.07048486153546132, 0.023897105570588457, 0.0075997977041161475, 0.003916968716657721, 0.0024735456168663837, 0.001752730573590318, 0.0013068975108341731, 0.0010788694369502513, 0.0010525898909882496, 0.0010256248203835351, 0.0009981281568080273, 0.0009781136557361796, 0.0009751971444769113], "train_acc": [0.9642857142857143, 0.9642857142857143, 0.9642857142857143, 1.0, 1.0, 1.0, 1.0, 1.0, 1.0, 1.0, 1.0, 1.0, 1.0, 1.0, 1.0, 1.0, 1.0], "val_loss": [0.8332409113645554, 1.5260235406458378, 1.390909543260932, 1.1325269066728652, 1.3126684725284576, 0.88088034465909, 0.8312512338161469, 0.8388128522783518, 0.8582718959078193, 0.8779336763545871, 0.8968546772375703, 0.8993286900222301, 0.9012883128598332, 0.9033547658473253, 0.9055243972688913, 0.9058330953121185, 0.9060745104216039], "val_acc": [0.9407894736842105, 0.9210526315789473, 0.9342105263157895, 0.9407894736842105, 0.9210526315789473, 0.9407894736842105, 0.9473684210526315, 0.9605263157894737, 0.9605263157894737, 0.9605263157894737, 0.9605263157894737, 0.9605263157894737, 0.9605263157894737, 0.9605263157894737, 0.9605263157894737, 0.9605263157894737, 0.9605263157894737], "val_f1": [0.9390144787286011, 0.919908248787775, 0.9363665136723442, 0.9400118492039699, 0.920787876054962, 0.9402431415662371, 0.9468184938814513, 0.959957986820523, 0.959957986820523, 0.959957986820523, 0.959957986820523, 0.959957986820523, 0.959957986820523, 0.959957986820523, 0.959957986820523, 0.959957986820523, 0.959957986820523], "val_recall": [0.9407894736842105, 0.9210526315789473, 0.9342105263157895, 0.9407894736842105, 0.9210526315789473, 0.9407894736842105, 0.9473684210526315, 0.9605263157894737, 0.9605263157894737, 0.9605263157894737, 0.9605263157894737, 0.9605263157894737, 0.9605263157894737, 0.9605263157894737, 0.9605263157894737, 0.9605263157894737, 0.9605263157894737], "val_precision": [0.9426196172248804, 0.9233913047914329, 0.9461369770580297, 0.9402257603255789, 0.9219300083052205, 0.9411298250492751, 0.9476936484007572, 0.9608630952380952, 0.9608630952380952, 0.9608630952380952, 0.9608630952380952, 0.9608630952380952, 0.9608630952380952, 0.9608630952380952, 0.9608630952380952, 0.9608630952380952, 0.9608630952380952]}