{"train_loss": [1.5328598058584966, 1.4465204821273743, 1.3972434509098923, 1.3696468850212449, 1.3501192571617397, 1.3433749049077393, 1.324143673748524, 1.3020870437421033, 1.2654234682932515, 1.2630845254903098, 1.226170891672569, 1.2259651069113389, 1.17211712396192, 1.143680920713975, 1.1043979652000195, 1.0843083750117908, 1.080233260733965, 1.0189691423898628, 0.9589181714378326, 0.9054436859563091, 0.8387921296246595, 0.8238001493283097, 0.8278751272771984], "train_accuracy": [0.33201581027667987, 0.4163372859025033, 0.4512516469038208, 0.4598155467720685, 0.46936758893280633, 0.4650856389986825, 0.4769433465085639, 0.48254281949934125, 0.49538866930171277, 0.49440052700922266, 0.519433465085639, 0.5214097496706193, 0.5382081686429513, 0.5480895915678524, 0.5760869565217391, 0.5806982872200264, 0.5718050065876152, 0.613965744400527, 0.6452569169960475, 0.6640316205533597, 0.6903820816864296, 0.6972990777338604, 0.6867588932806324], "val_loss": [1.1569583494931657, 1.1033290502251378, 1.099403150823732, 1.0442759888061623, 1.1021399332198085, 1.0409781751253746, 1.1677933418198136, 0.9962191810671067, 1.057254329422452, 1.1310306803280155, 1.01399224167628, 1.0594074978733694, 1.0612590857688955, 1.0401543923561147, 1.0750089820647082, 1.0483202689530833, 1.0969171003000626, 1.1239846889546374, 1.1542001725822095, 1.1546051107495037, 1.2170067299280736, 1.1398528016955647, 1.4042658237432013], "val_accuracy": [0.6622516556291391, 0.7350993377483444, 0.7152317880794702, 0.7549668874172185, 0.5562913907284768, 0.7350993377483444, 0.6423841059602649, 0.695364238410596, 0.6556291390728477, 0.5695364238410596, 0.6622516556291391, 0.6423841059602649, 0.6754966887417219, 0.6225165562913907, 0.6026490066225165, 0.6423841059602649, 0.5695364238410596, 0.5761589403973509, 0.5827814569536424, 0.5761589403973509, 0.5496688741721855, 0.5761589403973509, 0.5364238410596026]}