{"train_loss": [84.97469429671764, 32.460880629718304, 24.610912576317787, 20.62177450954914, 17.5185942389071, 15.616402138024569, 14.16708916798234, 12.438089415431023, 11.545983174815774, 10.35106613021344, 9.25605969876051, 8.90888766432181, 8.101098694838583, 7.639552609063685, 6.146327342838049, 6.390866476576775, 5.767450124491006, 4.939252505078912, 4.7667239918373525, 4.565869863610715, 3.641918617300689, 3.450915685854852, 3.591108328429982, 3.2312352748122066, 2.520919819129631], "train_acc": [], "val_loss": [2.1270088851451874, 1.3519308865070343, 1.09816013276577, 1.1728684306144714, 1.0579731613397598, 0.990092858672142, 0.833637710660696, 1.1534145772457123, 0.8219055719673634, 0.7821853011846542, 0.854791522026062, 0.8883675783872604, 0.7186948824673891, 0.7032077014446259, 0.7838751897215843, 0.8187655806541443, 0.6954869329929352, 0.8422929346561432, 0.9568628966808319, 0.6949433516710997, 0.7908509913831949, 0.7592161791399121, 0.7902491167187691, 0.819362785667181, 0.8228385299444199], "val_acc": [0.8947368421052632, 0.9407894736842105, 0.9473684210526315, 0.9539473684210527, 0.9473684210526315, 0.9539473684210527, 0.9473684210526315, 0.9407894736842105, 0.9407894736842105, 0.9539473684210527, 0.9473684210526315, 0.9539473684210527, 0.9539473684210527, 0.9539473684210527, 0.9539473684210527, 0.9473684210526315, 0.9605263157894737, 0.9605263157894737, 0.9539473684210527, 0.9605263157894737, 0.9473684210526315, 0.9539473684210527, 0.9539473684210527, 0.9539473684210527, 0.9539473684210527], "val_f1": [0.8933580799413413, 0.939849030406971, 0.9464490154780105, 0.9530943767240937, 0.9455447330447331, 0.9525808809658554, 0.9463086565283264, 0.9384481168198274, 0.9401953348282989, 0.9531594791576642, 0.9462157536667334, 0.9525808809658554, 0.9531493129405678, 0.9531493129405678, 0.9531493129405678, 0.946438849260914, 0.9598464735284539, 0.9598363073113575, 0.9525808809658554, 0.9598363073113575, 0.9466816961584996, 0.952899766661076, 0.9531493129405678, 0.952899766661076, 0.952899766661076], "val_recall": [0.8947368421052632, 0.9407894736842105, 0.9473684210526315, 0.9539473684210527, 0.9473684210526315, 0.9539473684210527, 0.9473684210526315, 0.9407894736842105, 0.9407894736842105, 0.9539473684210527, 0.9473684210526315, 0.9539473684210527, 0.9539473684210527, 0.9539473684210527, 0.9539473684210527, 0.9473684210526315, 0.9605263157894737, 0.9605263157894737, 0.9539473684210527, 0.9605263157894737, 0.9473684210526315, 0.9539473684210527, 0.9539473684210527, 0.9539473684210527, 0.9539473684210527], "val_precision": [0.8980624777017698, 0.9444901315789473, 0.947239612808904, 0.9562088815789473, 0.9510208461954006, 0.9564410016977929, 0.9506105462519937, 0.9459195233696195, 0.9411129680720618, 0.9538300832378498, 0.9506578947368421, 0.9564410016977929, 0.9537923411094351, 0.9537923411094351, 0.9537923411094351, 0.9472018706804891, 0.9608546489625065, 0.9608169068340914, 0.9564410016977929, 0.9608169068340914, 0.9476373998247717, 0.9541950480684033, 0.9537923411094351, 0.9541950480684033, 0.9541950480684033]}