{"train_loss": [81.15397769212723, 31.332542046904564, 23.68542981147766, 19.392391346395016, 16.719955794513226, 15.867569977417588, 13.431463319808245, 12.080829240381718, 11.917291153222322, 10.232725774869323, 9.969797063618898, 10.239313404075801, 7.920699588023126, 7.427663141861558, 7.137027371674776, 6.152482499368489, 5.462495808023959, 5.062567552551627, 4.568855999503285, 3.857117044273764, 4.211598632624373], "train_acc": [0.8214285714285714, 0.9642857142857143, 0.9642857142857143, 1.0, 0.9642857142857143, 0.9642857142857143, 0.9642857142857143, 1.0, 1.0, 0.9642857142857143, 0.9642857142857143, 0.9285714285714286, 1.0, 0.9642857142857143, 1.0, 0.9642857142857143, 1.0, 1.0, 0.9642857142857143, 0.9642857142857143, 0.9642857142857143], "val_loss": [2.076156973838806, 1.2854130417108536, 1.3321186155080795, 1.0075448527932167, 1.032773718237877, 0.8250674456357956, 0.824549101293087, 1.119606800377369, 0.7911403737962246, 1.014372780919075, 0.7054603919386864, 0.9347677007317543, 0.8782865516841412, 0.8096228167414665, 0.8365733921527863, 0.9238333664834499, 0.7835203073918819, 0.9249537661671638, 0.8325427137315273, 0.7659651078283787, 0.803017683327198], "val_acc": [0.9013157894736842, 0.9342105263157895, 0.9342105263157895, 0.9407894736842105, 0.9342105263157895, 0.9539473684210527, 0.9605263157894737, 0.9342105263157895, 0.9605263157894737, 0.9276315789473685, 0.9473684210526315, 0.9342105263157895, 0.9539473684210527, 0.9539473684210527, 0.9473684210526315, 0.9539473684210527, 0.9539473684210527, 0.9473684210526315, 0.9473684210526315, 0.9473684210526315, 0.9539473684210527], "val_f1": [0.9016499318915194, 0.9333601985551221, 0.9332954933383482, 0.939527823224469, 0.9333382979306188, 0.9529099328781723, 0.9595690675495178, 0.9323546580125528, 0.9595690675495178, 0.9267957667871386, 0.9468087320713693, 0.9328492713220828, 0.9525707147487591, 0.9529099328781723, 0.9459317575454304, 0.9525808809658554, 0.9525808809658554, 0.946438849260914, 0.9459419237625268, 0.9459419237625268, 0.952899766661076], "val_recall": [0.9013157894736842, 0.9342105263157895, 0.9342105263157895, 0.9407894736842105, 0.9342105263157895, 0.9539473684210527, 0.9605263157894737, 0.9342105263157895, 0.9605263157894737, 0.9276315789473685, 0.9473684210526315, 0.9342105263157895, 0.9539473684210527, 0.9539473684210527, 0.9473684210526315, 0.9539473684210527, 0.9539473684210527, 0.9473684210526315, 0.9473684210526315, 0.9473684210526315, 0.9539473684210527], "val_precision": [0.9092690238527353, 0.9359506714528832, 0.937569257284877, 0.940701362781955, 0.9352543016194331, 0.9542327901968182, 0.9622108446519524, 0.9409041126000485, 0.9622108446519524, 0.9349017073934838, 0.9472950900436574, 0.9389158369687588, 0.956403259569378, 0.9542327901968182, 0.9479622497091195, 0.9564410016977929, 0.9564410016977929, 0.9472018706804891, 0.9479999918375341, 0.9479999918375341, 0.9541950480684033]}