{"train_loss": [81.26115062832832, 32.15111631155014, 24.222833827137947, 19.617533646523952, 17.448431130498648, 15.26569289714098, 13.947440886870027, 12.193093441426754, 11.129096943885088, 10.004704714752734, 9.383380054496229, 8.14947275724262, 8.14170144777745, 7.4080949472263455, 7.0844837706536055, 5.815082308836281, 5.290234594140202, 5.48691631667316, 4.280190922319889, 4.268904466647655, 3.6725493806879967, 3.167373911011964, 2.9507208506111056, 3.1824444103986025, 2.3384884619154036, 2.2220407552085817, 1.8131112637929618, 1.8250610704999417], "train_acc": [0.8928571428571429, 0.8928571428571429, 0.8928571428571429, 0.9642857142857143, 0.8571428571428571, 0.9642857142857143, 0.8571428571428571, 0.8928571428571429, 1.0, 0.9642857142857143, 0.9642857142857143, 1.0, 1.0, 1.0, 1.0, 1.0, 1.0, 0.9642857142857143, 0.9642857142857143, 0.9642857142857143, 1.0, 1.0, 1.0, 1.0, 1.0, 1.0, 1.0, 1.0], "val_loss": [2.0616360902786255, 1.37295101583004, 1.307923600077629, 1.0258519873023033, 0.9408216774463654, 1.1080420017242432, 0.919787235558033, 0.8462011441588402, 0.909110389649868, 0.958453081548214, 0.884229876101017, 0.8455482646822929, 0.8053305894136429, 0.8181567490100861, 0.7539356201887131, 0.7382249161601067, 0.8530954420566559, 0.6989427115768194, 0.7548963092267513, 0.7600498609244823, 0.863890441134572, 0.8693182747811079, 0.8403024412691593, 0.8682373892515898, 0.9295245800167322, 0.7150242179632187, 0.8040217626839876, 1.0587587337940931], "val_acc": [0.9144736842105263, 0.9276315789473685, 0.9276315789473685, 0.9473684210526315, 0.9342105263157895, 0.9210526315789473, 0.9539473684210527, 0.9407894736842105, 0.9473684210526315, 0.9539473684210527, 0.9539473684210527, 0.9539473684210527, 0.9605263157894737, 0.9473684210526315, 0.9605263157894737, 0.9473684210526315, 0.9539473684210527, 0.9539473684210527, 0.9539473684210527, 0.9605263157894737, 0.9605263157894737, 0.9539473684210527, 0.9539473684210527, 0.9605263157894737, 0.9605263157894737, 0.9605263157894737, 0.9605263157894737, 0.9605263157894737], "val_f1": [0.9117490597434074, 0.9259908245189243, 0.9259152263628104, 0.9461131483079283, 0.9333243815956248, 0.9202992971649688, 0.9525808809658554, 0.9393639164198375, 0.9455447330447331, 0.9525707147487591, 0.9525808809658554, 0.9533430633480444, 0.9598363073113575, 0.9467943518585421, 0.9598363073113575, 0.9464490154780105, 0.9531493129405678, 0.9531594791576642, 0.9534813462293318, 0.9598464735284539, 0.9598363073113575, 0.9525808809658554, 0.952899766661076, 0.9598363073113575, 0.9598363073113575, 0.9598464735284539, 0.9598363073113575, 0.9595589013324215], "val_recall": [0.9144736842105263, 0.9276315789473685, 0.9276315789473685, 0.9473684210526315, 0.9342105263157895, 0.9210526315789473, 0.9539473684210527, 0.9407894736842105, 0.9473684210526315, 0.9539473684210527, 0.9539473684210527, 0.9539473684210527, 0.9605263157894737, 0.9473684210526315, 0.9605263157894737, 0.9473684210526315, 0.9539473684210527, 0.9539473684210527, 0.9539473684210527, 0.9605263157894737, 0.9605263157894737, 0.9539473684210527, 0.9539473684210527, 0.9605263157894737, 0.9605263157894737, 0.9605263157894737, 0.9605263157894737, 0.9605263157894737], "val_precision": [0.9219604791548764, 0.9294461585241384, 0.9343314628482972, 0.9502666065365025, 0.9359358705986996, 0.9312155494310099, 0.9564410016977929, 0.9457139312643563, 0.9510208461954006, 0.956403259569378, 0.9564410016977929, 0.954233120680489, 0.9608169068340914, 0.948046976276899, 0.9608169068340914, 0.947239612808904, 0.9537923411094351, 0.9538300832378498, 0.9550715420015558, 0.9608546489625065, 0.9608169068340914, 0.9564410016977929, 0.9541950480684033, 0.9608169068340914, 0.9608169068340914, 0.9608546489625065, 0.9608169068340914, 0.9621731025235376]}