{"train_loss": [81.87153273820877, 32.38017086684704, 24.124794155359268, 20.54991042613983, 18.329696506261826, 15.028013821691275, 14.458762651309371, 12.394526537507772, 11.170072112232447, 10.760704975575209, 10.090228321030736, 8.81690975278616, 7.882557686418295, 7.2213682029396296, 6.47299053799361, 6.378340314142406, 5.654080288484693, 5.420102722477168, 4.738556586904451, 4.4823001879267395, 4.6817236403003335, 3.724931809818372, 3.2457692690659314, 2.8100936016999185, 2.6419575305189937, 2.602053126785904, 2.113850529422052, 1.76970736135263, 1.811617078492418], "train_acc": [0.8571428571428571, 0.8571428571428571, 0.9285714285714286, 0.9642857142857143, 0.8928571428571429, 1.0, 0.9642857142857143, 0.9285714285714286, 0.9642857142857143, 0.9642857142857143, 0.9285714285714286, 0.9642857142857143, 0.9642857142857143, 1.0, 1.0, 1.0, 0.9642857142857143, 1.0, 0.9642857142857143, 1.0, 1.0, 1.0, 0.9285714285714286, 0.9642857142857143, 1.0, 1.0, 1.0, 1.0, 1.0], "val_loss": [2.183213233947754, 1.4118824005126953, 1.18751060962677, 1.0178582556545734, 0.8814141824841499, 0.9693939387798309, 0.7645999640226364, 0.8774557858705521, 0.806082472205162, 0.8727886080741882, 0.80809760466218, 0.7551857456564903, 0.889096774160862, 0.765871612355113, 0.7028562761843204, 0.7671745009720325, 1.0498784938827157, 0.742925014346838, 0.6818423718214035, 0.7692814283072948, 0.7535893134772778, 0.8094565868377686, 0.7899358533322811, 0.8754472648724914, 0.7284539006650448, 0.7823099084198475, 0.8014434352517128, 0.7718760846182704, 0.7660658992826939], "val_acc": [0.8881578947368421, 0.9407894736842105, 0.9276315789473685, 0.9407894736842105, 0.9473684210526315, 0.9407894736842105, 0.9539473684210527, 0.9539473684210527, 0.9407894736842105, 0.9605263157894737, 0.9473684210526315, 0.9539473684210527, 0.9539473684210527, 0.9539473684210527, 0.9473684210526315, 0.9605263157894737, 0.9407894736842105, 0.9539473684210527, 0.9473684210526315, 0.9407894736842105, 0.9473684210526315, 0.9539473684210527, 0.9407894736842105, 0.9605263157894737, 0.9473684210526315, 0.9539473684210527, 0.9605263157894737, 0.9539473684210527, 0.9539473684210527], "val_f1": [0.884424138422682, 0.9398901561814139, 0.9258563074352548, 0.939515732755669, 0.9462425484615493, 0.9398455513232225, 0.9531594791576642, 0.9525707147487591, 0.9401953348282989, 0.9603919011677219, 0.9464346352651833, 0.9525808809658554, 0.9525808809658554, 0.9525707147487591, 0.9464490154780105, 0.9598464735284539, 0.9391796057456109, 0.9529099328781723, 0.9465346944919061, 0.9401816286879479, 0.946438849260914, 0.952899766661076, 0.9401816286879479, 0.9598363073113575, 0.9467950259310183, 0.952899766661076, 0.9598363073113575, 0.9531493129405678, 0.952899766661076], "val_recall": [0.8881578947368421, 0.9407894736842105, 0.9276315789473685, 0.9407894736842105, 0.9473684210526315, 0.9407894736842105, 0.9539473684210527, 0.9539473684210527, 0.9407894736842105, 0.9605263157894737, 0.9473684210526315, 0.9539473684210527, 0.9539473684210527, 0.9539473684210527, 0.9473684210526315, 0.9605263157894737, 0.9407894736842105, 0.9539473684210527, 0.9473684210526315, 0.9407894736842105, 0.9473684210526315, 0.9539473684210527, 0.9407894736842105, 0.9605263157894737, 0.9473684210526315, 0.9539473684210527, 0.9605263157894737, 0.9539473684210527, 0.9539473684210527], "val_precision": [0.9012719736403947, 0.9404341877880183, 0.9269916076248312, 0.9405313168112935, 0.9467650067535357, 0.9448215307789267, 0.9538300832378498, 0.956403259569378, 0.9411129680720618, 0.9625971086072953, 0.9479914990421455, 0.9564410016977929, 0.9564410016977929, 0.956403259569378, 0.947239612808904, 0.9608546489625065, 0.9452377392344499, 0.9542327901968182, 0.9480334747803445, 0.9410615198032961, 0.9472018706804891, 0.9541950480684033, 0.9410615198032961, 0.9608169068340914, 0.9472436417748917, 0.9541950480684033, 0.9608169068340914, 0.9537923411094351, 0.9541950480684033]}