{"train_loss": [82.340617030859, 32.22109080851078, 24.20107912272215, 20.519224733114243, 17.963550712913275, 15.084049981087446, 13.723124742507935, 12.43355343863368, 11.016125746071339, 10.045899936929345, 9.410235296934843, 8.604629268869758, 7.761456073261797, 7.392304101958871, 6.470361118204892, 6.149075164459646, 5.646937571000308, 5.624343014322221, 4.263928264845163, 4.235346997156739, 3.554929773788899, 3.3098635176429525, 4.07354033482261, 2.718283955240622, 2.3176142361480743, 2.3121934754308313, 1.8045949093066156, 2.044986578053795, 1.82819130923599, 1.451936346362345, 1.2323005174985155, 1.053658314049244, 0.947413801564835, 0.8648839782981668], "train_acc": [0.7857142857142857, 0.8928571428571429, 0.8571428571428571, 0.8571428571428571, 0.8928571428571429, 0.9642857142857143, 0.9642857142857143, 0.9285714285714286, 1.0, 0.9285714285714286, 1.0, 0.9642857142857143, 0.9642857142857143, 1.0, 0.9642857142857143, 1.0, 1.0, 1.0, 1.0, 1.0, 0.9642857142857143, 1.0, 1.0, 1.0, 1.0, 1.0, 1.0, 1.0, 1.0, 1.0, 1.0, 1.0, 1.0, 1.0], "val_loss": [2.0311590135097504, 1.3513770401477814, 1.1890630349516869, 1.0081645846366882, 0.8775461241602898, 0.9143605120480061, 0.9218786060810089, 0.7936986759305, 0.7797268219292164, 0.7969979792833328, 0.8319279924035072, 0.8308375328779221, 0.8840515054762363, 0.7597718089818954, 0.7175196781754494, 0.9580855295062065, 0.9025674629956484, 0.8016665242612362, 0.696367546916008, 0.8530752677470446, 0.7995936386287212, 0.7592267915606499, 0.8110506609082222, 0.6732863881625235, 0.8151052016764879, 0.8543911911547184, 0.8015120197087526, 0.791069689206779, 0.95206736959517, 0.8389662858098745, 1.0748604871332645, 0.9966051839292049, 0.8406805042177439, 0.9218837195076048], "val_acc": [0.9013157894736842, 0.9276315789473685, 0.9210526315789473, 0.9407894736842105, 0.9539473684210527, 0.9407894736842105, 0.9473684210526315, 0.9473684210526315, 0.9539473684210527, 0.9539473684210527, 0.9539473684210527, 0.9473684210526315, 0.9539473684210527, 0.9605263157894737, 0.9473684210526315, 0.9539473684210527, 0.9539473684210527, 0.9539473684210527, 0.9605263157894737, 0.9605263157894737, 0.9539473684210527, 0.9605263157894737, 0.9605263157894737, 0.9605263157894737, 0.9539473684210527, 0.9605263157894737, 0.9473684210526315, 0.9605263157894737, 0.9473684210526315, 0.9605263157894737, 0.9539473684210527, 0.9605263157894737, 0.9539473684210527, 0.9605263157894737], "val_f1": [0.8985114644416065, 0.92613618943116, 0.9183642472378493, 0.9396778058615696, 0.9529099328781723, 0.9397034252297412, 0.9468737346358779, 0.9464490154780105, 0.9525808809658554, 0.9525808809658554, 0.9525808809658554, 0.9459419237625268, 0.9525707147487591, 0.9598464735284539, 0.9465484006322571, 0.9525707147487591, 0.9525707147487591, 0.952899766661076, 0.9598464735284539, 0.9598363073113575, 0.9525707147487591, 0.9598363073113575, 0.9598363073113575, 0.9598363073113575, 0.952899766661076, 0.9598363073113575, 0.9467952020951502, 0.9598363073113575, 0.9462947733918128, 0.9598363073113575, 0.952899766661076, 0.9598363073113575, 0.9533800182837036, 0.9598363073113575], "val_recall": [0.9013157894736842, 0.9276315789473685, 0.9210526315789473, 0.9407894736842105, 0.9539473684210527, 0.9407894736842105, 0.9473684210526315, 0.9473684210526315, 0.9539473684210527, 0.9539473684210527, 0.9539473684210527, 0.9473684210526315, 0.9539473684210527, 0.9605263157894737, 0.9473684210526315, 0.9539473684210527, 0.9539473684210527, 0.9539473684210527, 0.9605263157894737, 0.9605263157894737, 0.9539473684210527, 0.9605263157894737, 0.9605263157894737, 0.9605263157894737, 0.9539473684210527, 0.9605263157894737, 0.9473684210526315, 0.9605263157894737, 0.9473684210526315, 0.9605263157894737, 0.9539473684210527, 0.9605263157894737, 0.9539473684210527, 0.9605263157894737], "val_precision": [0.9078787925416214, 0.9322870443612699, 0.9281636996904024, 0.9422235168799792, 0.9542327901968182, 0.9410374085803839, 0.948283771501089, 0.947239612808904, 0.9564410016977929, 0.9564410016977929, 0.9564410016977929, 0.9479999918375341, 0.956403259569378, 0.9608546489625065, 0.9480849230491102, 0.956403259569378, 0.956403259569378, 0.9541950480684033, 0.9608546489625065, 0.9608169068340914, 0.956403259569378, 0.9608169068340914, 0.9608169068340914, 0.9608169068340914, 0.9541950480684033, 0.9608169068340914, 0.947229057901415, 0.9608169068340914, 0.9507638058213717, 0.9608169068340914, 0.9541950480684033, 0.9608169068340914, 0.9538161074217677, 0.9608169068340914]}