{"train_loss": [0.47584550537561116, 0.08470030300515263, 0.03073785063124409, 0.016769788776965517, 0.0076574273908351495, 0.006319748326955289, 0.0028250855396771313], "train_acc": [0.8928571428571429, 1.0, 1.0, 1.0, 1.0, 1.0, 1.0], "val_loss": [1.0224729739129543, 0.8077801195904613, 1.2076413510367274, 1.2449097810313106, 1.4904606016352773, 1.211255130416248, 1.269538501277566], "val_acc": [0.9276315789473685, 0.9473684210526315, 0.9342105263157895, 0.9342105263157895, 0.9473684210526315, 0.9539473684210527, 0.9539473684210527], "val_f1": [0.9258804349500801, 0.9466816961584996, 0.9323353702667766, 0.9340556241568269, 0.9463084795321638, 0.953492137192105, 0.9532005771361055], "val_recall": [0.9276315789473685, 0.9473684210526315, 0.9342105263157895, 0.9342105263157895, 0.9473684210526315, 0.9539473684210527, 0.9539473684210527], "val_precision": [0.9295493051268199, 0.9476373998247717, 0.9358586337760911, 0.9345179354636591, 0.9508152540901375, 0.9545158258549599, 0.9562354095925297]}