{"train_loss": [82.85838201642036, 31.403841570019722, 24.028477415442467, 20.490414652973413, 16.49046477675438, 15.197772052139044, 13.38102239370346, 11.97609992325306, 11.588185926899314, 9.691461946815252, 9.466405870392919, 8.846784475259483, 7.764916431158781, 7.672568053007126, 6.649884876795113, 6.927450925111771, 5.863626163918525, 5.05100260861218, 4.3095662167761475, 4.401514457538724, 3.7391490945592523, 3.4338332060724497, 2.928833278827369], "train_acc": [0.8571428571428571, 0.8571428571428571, 1.0, 0.9642857142857143, 0.9285714285714286, 0.9642857142857143, 1.0, 1.0, 0.9642857142857143, 0.9642857142857143, 0.9642857142857143, 0.9642857142857143, 1.0, 0.9285714285714286, 0.9642857142857143, 0.9285714285714286, 1.0, 0.9642857142857143, 0.9642857142857143, 0.9642857142857143, 1.0, 1.0, 0.9642857142857143], "val_loss": [2.0237158238887787, 1.3675460815429688, 1.1855276003479958, 1.0258110240101814, 0.9408541768789291, 0.8817121908068657, 0.8595807254314423, 0.9455784484744072, 0.7323185689747334, 0.9090659059584141, 0.7777090705931187, 0.7553561627864838, 0.6829597055912018, 1.0153619050979614, 0.6935766115784645, 1.2007181718945503, 0.8317367732524872, 0.8181136548519135, 0.8470136877149343, 0.7283260030671954, 0.7858230844140053, 0.7914010602980852, 0.7278122678399086], "val_acc": [0.9013157894736842, 0.9210526315789473, 0.9342105263157895, 0.9473684210526315, 0.9473684210526315, 0.9473684210526315, 0.9407894736842105, 0.9473684210526315, 0.9539473684210527, 0.9473684210526315, 0.9539473684210527, 0.9539473684210527, 0.9605263157894737, 0.9276315789473685, 0.9473684210526315, 0.9210526315789473, 0.9539473684210527, 0.9473684210526315, 0.9539473684210527, 0.9605263157894737, 0.9605263157894737, 0.9605263157894737, 0.9605263157894737], "val_f1": [0.8984457442949477, 0.919588710450549, 0.9331057006911871, 0.9455447330447331, 0.9465448055790503, 0.9465448055790503, 0.9400838881788883, 0.9455447330447331, 0.9529099328781723, 0.9461030979666908, 0.9525808809658554, 0.9533937244240545, 0.9603087236708052, 0.9265790107144161, 0.9459419237625268, 0.9212795752375359, 0.9531493129405678, 0.946438849260914, 0.9525808809658554, 0.9598363073113575, 0.9598363073113575, 0.9598363073113575, 0.9598363073113575], "val_recall": [0.9013157894736842, 0.9210526315789473, 0.9342105263157895, 0.9473684210526315, 0.9473684210526315, 0.9473684210526315, 0.9407894736842105, 0.9473684210526315, 0.9539473684210527, 0.9473684210526315, 0.9539473684210527, 0.9539473684210527, 0.9605263157894737, 0.9276315789473685, 0.9473684210526315, 0.9210526315789473, 0.9539473684210527, 0.9473684210526315, 0.9539473684210527, 0.9605263157894737, 0.9605263157894737, 0.9605263157894737, 0.9605263157894737], "val_precision": [0.9039404619503303, 0.9215465318672557, 0.9358501616168212, 0.9510208461954006, 0.9484496832358674, 0.9484496832358674, 0.9414565058479533, 0.9510208461954006, 0.9542327901968182, 0.9502483182847147, 0.9564410016977929, 0.9538675556905334, 0.960709755478797, 0.9307288694044559, 0.9479999918375341, 0.9312338268195653, 0.9537923411094351, 0.9472018706804891, 0.9564410016977929, 0.9608169068340914, 0.9608169068340914, 0.9608169068340914, 0.9608169068340914]}