{"train_loss": [80.8699557185173, 32.353622898459435, 23.473822101950645, 19.751146622002125, 17.56268910691142, 14.921823643147945, 14.102430019527674, 11.92476211860776, 11.583857364952564, 10.078354958444834, 10.227868065237999, 9.272447366267443, 7.52359408698976, 6.851531352382153, 6.110111346468329, 6.179226805455983, 5.172285948880017, 4.784661904443055, 4.171211172360927, 4.575206986628473, 3.567477479809895, 4.338896242436022, 3.2107633237028494, 2.8518968534190208, 2.2411995828151703, 2.2416310412809253, 1.9720096504315734, 1.5389010574435815], "train_acc": [0.8928571428571429, 0.9285714285714286, 0.8928571428571429, 0.9285714285714286, 0.8928571428571429, 0.9642857142857143, 0.9642857142857143, 0.9285714285714286, 0.9285714285714286, 0.9642857142857143, 0.9642857142857143, 0.9285714285714286, 0.8928571428571429, 1.0, 1.0, 0.9285714285714286, 1.0, 0.9642857142857143, 1.0, 1.0, 1.0, 1.0, 0.9642857142857143, 1.0, 1.0, 0.9642857142857143, 1.0, 1.0], "val_loss": [2.206961840391159, 1.3969617187976837, 1.1555481404066086, 1.196259744465351, 0.9442507699131966, 0.9930520802736282, 0.8438962176442146, 0.744473859667778, 0.8277626596391201, 0.8153742104768753, 1.1244314201176167, 0.8270123600959778, 0.8847560957074165, 0.6977720856666565, 0.9340935032814741, 0.8123236745595932, 0.7830472216010094, 0.6951325982809067, 0.8807981386780739, 0.8736087754368782, 0.7095048110932112, 0.8487560600042343, 0.7350769732147455, 0.8635219223797321, 0.8195242555812001, 0.734585128724575, 0.8440551217645407, 0.8843950033187866], "val_acc": [0.8881578947368421, 0.9276315789473685, 0.9276315789473685, 0.9210526315789473, 0.9342105263157895, 0.9407894736842105, 0.9473684210526315, 0.9605263157894737, 0.9473684210526315, 0.9539473684210527, 0.9407894736842105, 0.9473684210526315, 0.9473684210526315, 0.9605263157894737, 0.9473684210526315, 0.9539473684210527, 0.9605263157894737, 0.9605263157894737, 0.9539473684210527, 0.9473684210526315, 0.9539473684210527, 0.9539473684210527, 0.9605263157894737, 0.9539473684210527, 0.9605263157894737, 0.9605263157894737, 0.9605263157894737, 0.9605263157894737], "val_f1": [0.8828641387851915, 0.9267398780827218, 0.926384490999498, 0.9188401967269566, 0.9329987891207153, 0.9393639164198375, 0.9464490154780105, 0.9595690675495178, 0.946438849260914, 0.9531493129405678, 0.9384481168198274, 0.946438849260914, 0.946438849260914, 0.9600643121873186, 0.9455447330447331, 0.952899766661076, 0.9598363073113575, 0.9598363073113575, 0.952899766661076, 0.946438849260914, 0.9536992400181488, 0.953368867525452, 0.9598464735284539, 0.952899766661076, 0.9598363073113575, 0.9598363073113575, 0.9598363073113575, 0.9598363073113575], "val_recall": [0.8881578947368421, 0.9276315789473685, 0.9276315789473685, 0.9210526315789473, 0.9342105263157895, 0.9407894736842105, 0.9473684210526315, 0.9605263157894737, 0.9473684210526315, 0.9539473684210527, 0.9407894736842105, 0.9473684210526315, 0.9473684210526315, 0.9605263157894737, 0.9473684210526315, 0.9539473684210527, 0.9605263157894737, 0.9605263157894737, 0.9539473684210527, 0.9473684210526315, 0.9539473684210527, 0.9539473684210527, 0.9605263157894737, 0.9539473684210527, 0.9605263157894737, 0.9605263157894737, 0.9605263157894737, 0.9605263157894737], "val_precision": [0.8963804180468233, 0.9274264594676347, 0.9269165640394089, 0.9296875, 0.9399308243034056, 0.9457139312643563, 0.947239612808904, 0.9622108446519524, 0.9472018706804891, 0.9537923411094351, 0.9459195233696195, 0.9472018706804891, 0.9472018706804891, 0.9606345408976987, 0.9510208461954006, 0.9541950480684033, 0.9608169068340914, 0.9608169068340914, 0.9541950480684033, 0.9472018706804891, 0.9542748917748919, 0.9542455214741399, 0.9608546489625065, 0.9541950480684033, 0.9608169068340914, 0.9608169068340914, 0.9608169068340914, 0.9608169068340914]}