{"train_loss": [0.5266005200775046, 0.09895032074694571, 0.029278938353404796, 0.03424795746288605, 0.019686897948849945, 0.012765354050421401, 0.0026298914123081456], "train_acc": [0.8928571428571429, 1.0, 1.0, 1.0, 1.0, 1.0, 1.0], "val_loss": [1.0152311995625496, 0.9160562828183174, 1.3174274303019047, 1.1528076245449483, 1.0362899103201926, 1.220940262079239, 1.2176436334848404], "val_acc": [0.9342105263157895, 0.9473684210526315, 0.9342105263157895, 0.9407894736842105, 0.9605263157894737, 0.9605263157894737, 0.9539473684210527], "val_f1": [0.9328815983417345, 0.9467985658542728, 0.9331507278691644, 0.9399980077776176, 0.9603070175438596, 0.959957986820523, 0.953492137192105], "val_recall": [0.9342105263157895, 0.9473684210526315, 0.9342105263157895, 0.9407894736842105, 0.9605263157894737, 0.9605263157894737, 0.9539473684210527], "val_precision": [0.9355931212427924, 0.9472573479152429, 0.9406470722260196, 0.9408515618683806, 0.9609214917159415, 0.9608630952380952, 0.9545158258549599]}