{"train_loss": [83.03784391283989, 31.660134062170982, 23.868426613509655, 19.24622593075037, 17.313615061342716, 15.597990265116096, 13.725835978984833, 12.004321465268731, 10.41608919389546, 10.51673491857946, 8.732895573601127, 8.43018497619778, 7.672781277447939, 7.145256830379367, 6.296401411760598, 5.535141608212143, 5.354942929930985, 5.756785995326936, 4.284801463596523, 4.004350026138127, 3.8554162280634046, 3.215282664168626, 2.76805728697218, 2.7918286987114698, 2.5229714908637106, 1.9916767817921937, 1.7048336433945224, 1.8228094641817734, 1.3831239527789876, 1.230593584710732], "train_acc": [0.8571428571428571, 0.9642857142857143, 1.0, 0.9642857142857143, 0.9642857142857143, 0.9285714285714286, 1.0, 1.0, 0.9285714285714286, 0.9285714285714286, 0.9642857142857143, 1.0, 0.9642857142857143, 1.0, 0.9642857142857143, 0.9642857142857143, 0.9642857142857143, 0.9642857142857143, 0.9642857142857143, 1.0, 1.0, 1.0, 1.0, 0.9642857142857143, 0.9642857142857143, 0.9642857142857143, 1.0, 1.0, 1.0, 1.0], "val_loss": [2.042233467102051, 1.2943158596754074, 1.1205956786870956, 1.0695359632372856, 1.0104818046092987, 0.8941593524068594, 0.8234384618699551, 0.859607633203268, 0.7584375366568565, 0.9990904591977596, 0.7694411352276802, 0.9468707158230245, 0.7594746388494968, 0.7729120627045631, 0.7795575279742479, 0.7515918873250484, 0.7747814133763313, 0.9225474335253239, 0.7160535082221031, 0.6623852886259556, 0.8429434765130281, 0.9549022121354938, 0.7743686176836491, 1.0177156887948513, 0.8059829641133547, 0.8791714943945408, 0.849893506616354, 0.8112305367831141, 0.9416580637916923, 0.8182382900267839], "val_acc": [0.8947368421052632, 0.9407894736842105, 0.9276315789473685, 0.9276315789473685, 0.9473684210526315, 0.9407894736842105, 0.9407894736842105, 0.9539473684210527, 0.9539473684210527, 0.9407894736842105, 0.9473684210526315, 0.9539473684210527, 0.9473684210526315, 0.9539473684210527, 0.9473684210526315, 0.9473684210526315, 0.9605263157894737, 0.9473684210526315, 0.9605263157894737, 0.9605263157894737, 0.9605263157894737, 0.9605263157894737, 0.9605263157894737, 0.9605263157894737, 0.9605263157894737, 0.9605263157894737, 0.9605263157894737, 0.9605263157894737, 0.9605263157894737, 0.9605263157894737], "val_f1": [0.8933592953676056, 0.9401278399034311, 0.9258085454859967, 0.926471881458031, 0.9462157536667334, 0.9395517482230165, 0.9400838881788883, 0.9525808809658554, 0.9533312447786132, 0.9395919785803306, 0.9459317575454304, 0.9525808809658554, 0.9464490154780105, 0.9525808809658554, 0.9459419237625268, 0.9459317575454304, 0.9598363073113575, 0.9459317575454304, 0.9598363073113575, 0.9598363073113575, 0.9598363073113575, 0.9598363073113575, 0.9598363073113575, 0.9598363073113575, 0.9598363073113575, 0.9598363073113575, 0.9598363073113575, 0.9598363073113575, 0.9598363073113575, 0.9598363073113575], "val_recall": [0.8947368421052632, 0.9407894736842105, 0.9276315789473685, 0.9276315789473685, 0.9473684210526315, 0.9407894736842105, 0.9407894736842105, 0.9539473684210527, 0.9539473684210527, 0.9407894736842105, 0.9473684210526315, 0.9539473684210527, 0.9473684210526315, 0.9539473684210527, 0.9473684210526315, 0.9473684210526315, 0.9605263157894737, 0.9473684210526315, 0.9605263157894737, 0.9605263157894737, 0.9605263157894737, 0.9605263157894737, 0.9605263157894737, 0.9605263157894737, 0.9605263157894737, 0.9605263157894737, 0.9605263157894737, 0.9605263157894737, 0.9605263157894737, 0.9605263157894737], "val_precision": [0.9020249031926663, 0.9453036313209494, 0.9263686560150376, 0.9273483187134502, 0.9506578947368421, 0.9438733552631579, 0.9414565058479533, 0.9564410016977929, 0.9552074490662139, 0.9413809463562753, 0.9479622497091195, 0.9564410016977929, 0.947239612808904, 0.9564410016977929, 0.9479999918375341, 0.9479622497091195, 0.9608169068340914, 0.9479622497091195, 0.9608169068340914, 0.9608169068340914, 0.9608169068340914, 0.9608169068340914, 0.9608169068340914, 0.9608169068340914, 0.9608169068340914, 0.9608169068340914, 0.9608169068340914, 0.9608169068340914, 0.9608169068340914, 0.9608169068340914]}