{"train_loss": [104.04893976449966, 45.89095476269722, 34.39182335138321, 27.418128922581673, 24.061295077204704, 23.197218380868435, 20.86877055466175, 17.974701058119535, 17.924847092479467, 16.427259508520365, 15.415248200297356, 14.419355068355799, 13.844738015905023, 12.286012683063745, 12.80852285772562, 11.584555460140109, 10.990494409576058, 10.626137187704444, 9.512777015566826, 8.548848977312446, 8.717871835455298, 8.088329594116658, 7.493285338860005, 7.64674464892596, 7.376276024617255, 6.610389737877995, 7.010893609374762, 5.425736884120852, 6.126828636974096, 5.784624456893653, 4.968476929236203, 5.1311324536800385, 4.612768250051886, 3.858297534752637, 4.185229426249862, 3.7314088616985828], "train_acc": [0.6785714285714286, 0.8571428571428571, 0.8571428571428571, 0.9285714285714286, 0.9642857142857143, 0.9285714285714286, 0.9642857142857143, 0.8571428571428571, 1.0, 0.9285714285714286, 0.8928571428571429, 0.9285714285714286, 0.9642857142857143, 0.9285714285714286, 1.0, 0.9642857142857143, 1.0, 1.0, 0.9642857142857143, 0.9642857142857143, 1.0, 0.9642857142857143, 0.9285714285714286, 1.0, 1.0, 0.9642857142857143, 0.9642857142857143, 1.0, 0.9642857142857143, 1.0, 1.0, 0.9642857142857143, 1.0, 1.0, 1.0, 1.0], "val_loss": [2.7427386045455933, 1.6875090897083282, 1.287575587630272, 1.0814924240112305, 1.0190612971782684, 1.0098428949713707, 0.9321431145071983, 0.9329794198274612, 0.9462249651551247, 0.8254192769527435, 0.9407925233244896, 0.8552359417080879, 0.8687249086797237, 0.8147864453494549, 0.747605100274086, 0.8280451484024525, 0.8122393637895584, 0.6895324550569057, 0.7934142202138901, 0.8440718054771423, 0.7141714505851269, 0.7573239952325821, 0.8280585277825594, 0.7309965640306473, 0.85254330560565, 0.6684237793087959, 0.6706250868737698, 0.7844580635428429, 0.7481834292411804, 0.8123704008758068, 0.84134865924716, 0.7356255892664194, 0.7652622405439615, 0.7832660565618426, 0.7355032544583082, 0.7977247927337885], "val_acc": [0.868421052631579, 0.8947368421052632, 0.9276315789473685, 0.9473684210526315, 0.9539473684210527, 0.9276315789473685, 0.9473684210526315, 0.9539473684210527, 0.9342105263157895, 0.9473684210526315, 0.9473684210526315, 0.9539473684210527, 0.9539473684210527, 0.9539473684210527, 0.9473684210526315, 0.9473684210526315, 0.9473684210526315, 0.9539473684210527, 0.9605263157894737, 0.9473684210526315, 0.9473684210526315, 0.9539473684210527, 0.9539473684210527, 0.9539473684210527, 0.9407894736842105, 0.9539473684210527, 0.9605263157894737, 0.9539473684210527, 0.9605263157894737, 0.9539473684210527, 0.9473684210526315, 0.9539473684210527, 0.9539473684210527, 0.9605263157894737, 0.9539473684210527, 0.9539473684210527], "val_f1": [0.862976702573742, 0.8925650354226619, 0.926471881458031, 0.9462425484615493, 0.9525808809658554, 0.9263275306785342, 0.9465624287992709, 0.9531594791576642, 0.9323515307222975, 0.9464490154780105, 0.9468267797393881, 0.9531594791576642, 0.9525808809658554, 0.9531594791576642, 0.9464490154780105, 0.946438849260914, 0.9464490154780105, 0.9525808809658554, 0.9598464735284539, 0.9462157536667334, 0.9464490154780105, 0.9529099328781723, 0.9531594791576642, 0.9531594791576642, 0.9400838881788883, 0.9533430633480444, 0.9598464735284539, 0.952899766661076, 0.9598363073113575, 0.9534813462293318, 0.9459419237625268, 0.952899766661076, 0.9529099328781723, 0.9598363073113575, 0.9533430633480444, 0.952899766661076], "val_recall": [0.868421052631579, 0.8947368421052632, 0.9276315789473685, 0.9473684210526315, 0.9539473684210527, 0.9276315789473685, 0.9473684210526315, 0.9539473684210527, 0.9342105263157895, 0.9473684210526315, 0.9473684210526315, 0.9539473684210527, 0.9539473684210527, 0.9539473684210527, 0.9473684210526315, 0.9473684210526315, 0.9473684210526315, 0.9539473684210527, 0.9605263157894737, 0.9473684210526315, 0.9473684210526315, 0.9539473684210527, 0.9539473684210527, 0.9539473684210527, 0.9407894736842105, 0.9539473684210527, 0.9605263157894737, 0.9539473684210527, 0.9605263157894737, 0.9539473684210527, 0.9473684210526315, 0.9539473684210527, 0.9539473684210527, 0.9605263157894737, 0.9539473684210527, 0.9539473684210527], "val_precision": [0.8764626601468708, 0.9020824516517904, 0.9273483187134502, 0.9467650067535357, 0.9564410016977929, 0.9283970652150665, 0.9494508701188454, 0.9538300832378498, 0.9359160283865824, 0.947239612808904, 0.9507638058213717, 0.9538300832378498, 0.9564410016977929, 0.9538300832378498, 0.947239612808904, 0.9472018706804891, 0.947239612808904, 0.9564410016977929, 0.9608546489625065, 0.9506578947368421, 0.947239612808904, 0.9542327901968182, 0.9538300832378498, 0.9538300832378498, 0.9414565058479533, 0.954233120680489, 0.9608546489625065, 0.9541950480684033, 0.9608169068340914, 0.9550715420015558, 0.9479999918375341, 0.9541950480684033, 0.9542327901968182, 0.9608169068340914, 0.954233120680489, 0.9541950480684033]}