{"train_loss": [83.60559877753258, 33.28944872319698, 24.311638668179512, 19.910113744437695, 17.652558028697968, 15.632850725203753, 13.538885816931725, 12.54987796023488, 11.368824819102883, 10.406612323597074, 9.995486152358353, 9.129672826267779, 8.068466351367533, 6.869777288753539, 6.599779700860381, 6.036205834709108, 5.7239363472908735, 5.399564954452217, 4.6089343605563045, 4.196826827246696, 3.7109767659567297, 3.717419687192887, 2.931628160411492, 2.677317372057587, 2.5063067555893213, 2.3193189731100574, 3.220613459008746], "train_acc": [0.8928571428571429, 0.9285714285714286, 0.8928571428571429, 1.0, 0.9285714285714286, 0.9642857142857143, 0.9642857142857143, 1.0, 1.0, 0.9642857142857143, 1.0, 0.8928571428571429, 1.0, 0.9285714285714286, 0.9285714285714286, 0.9642857142857143, 1.0, 1.0, 0.9285714285714286, 1.0, 1.0, 0.9642857142857143, 1.0, 1.0, 0.8928571428571429, 1.0, 1.0], "val_loss": [2.114485889673233, 1.4059597253799438, 1.0792177021503448, 0.9740543216466904, 0.9839394763112068, 0.9651203230023384, 0.9403380323201418, 0.8766128271818161, 0.8213685229420662, 0.8340443149209023, 0.7493541948497295, 0.753227137029171, 0.8052032217383385, 0.7981645576655865, 0.7339797113090754, 0.7635358683764935, 0.6699124313890934, 0.7024655118584633, 0.7874564081430435, 0.8364504938945174, 0.7714927075430751, 0.7243189392611384, 0.7509879246354103, 0.7209524307399988, 0.6827100105583668, 0.7945462726056576, 0.8272786661982536], "val_acc": [0.8947368421052632, 0.9144736842105263, 0.9473684210526315, 0.9407894736842105, 0.9342105263157895, 0.9342105263157895, 0.9473684210526315, 0.9473684210526315, 0.9473684210526315, 0.9407894736842105, 0.9539473684210527, 0.9539473684210527, 0.9539473684210527, 0.9473684210526315, 0.9539473684210527, 0.9473684210526315, 0.9605263157894737, 0.9605263157894737, 0.9539473684210527, 0.9605263157894737, 0.9539473684210527, 0.9605263157894737, 0.9605263157894737, 0.9605263157894737, 0.9605263157894737, 0.9605263157894737, 0.9539473684210527], "val_f1": [0.8942792324155567, 0.9124660979295723, 0.9463084795321638, 0.939527823224469, 0.9332602262397633, 0.9328176869348347, 0.9461131483079283, 0.9468267797393881, 0.946438849260914, 0.9391796057456109, 0.9531594791576642, 0.9531493129405678, 0.952899766661076, 0.9459419237625268, 0.9531493129405678, 0.9459419237625268, 0.9598363073113575, 0.9598363073113575, 0.9531493129405678, 0.9598363073113575, 0.9525707147487591, 0.9598363073113575, 0.9598363073113575, 0.9598363073113575, 0.9598363073113575, 0.9595690675495178, 0.9531493129405678], "val_recall": [0.8947368421052632, 0.9144736842105263, 0.9473684210526315, 0.9407894736842105, 0.9342105263157895, 0.9342105263157895, 0.9473684210526315, 0.9473684210526315, 0.9473684210526315, 0.9407894736842105, 0.9539473684210527, 0.9539473684210527, 0.9539473684210527, 0.9473684210526315, 0.9539473684210527, 0.9473684210526315, 0.9605263157894737, 0.9605263157894737, 0.9539473684210527, 0.9605263157894737, 0.9539473684210527, 0.9605263157894737, 0.9605263157894737, 0.9605263157894737, 0.9605263157894737, 0.9605263157894737, 0.9539473684210527], "val_precision": [0.9027613484141389, 0.9194439052795031, 0.9508152540901375, 0.940701362781955, 0.9352562870243792, 0.9392506479266348, 0.9502666065365025, 0.9507638058213717, 0.9472018706804891, 0.9452377392344499, 0.9538300832378498, 0.9537923411094351, 0.9541950480684033, 0.9479999918375341, 0.9537923411094351, 0.9479999918375341, 0.9608169068340914, 0.9608169068340914, 0.9537923411094351, 0.9608169068340914, 0.956403259569378, 0.9608169068340914, 0.9608169068340914, 0.9608169068340914, 0.9608169068340914, 0.9622108446519524, 0.9537923411094351]}