{"train_loss": [83.23829206824303, 32.41746129095554, 25.29477170109749, 20.11982300877571, 17.567293763160706, 15.940611444413662, 14.405118476599455, 12.899591658264399, 11.642349008470774, 10.807716933544725, 9.831098463386297, 8.831238582730293, 8.228566346690059, 7.0997982788831, 6.56615392351523, 6.7022983729839325, 5.905985544202849, 5.472425911575556, 4.705871435813606, 4.34326189965941, 3.9089909326285124, 3.548623279784806, 3.3180855875834823, 2.808872042456642, 2.3478404339402914, 2.279962789732963, 2.120570822036825], "train_acc": [0.8571428571428571, 0.8928571428571429, 0.9285714285714286, 0.9642857142857143, 0.9642857142857143, 0.8928571428571429, 1.0, 1.0, 1.0, 1.0, 1.0, 1.0, 1.0, 1.0, 1.0, 0.9642857142857143, 0.8571428571428571, 1.0, 0.9642857142857143, 1.0, 1.0, 1.0, 1.0, 1.0, 1.0, 1.0, 1.0], "val_loss": [2.0735905468463898, 1.5072433948516846, 1.1036681234836578, 1.1308224871754646, 0.9792901948094368, 0.9971791356801987, 0.8656992837786674, 0.8715200573205948, 0.7750733904540539, 0.811155878007412, 0.8743701837956905, 0.7564028017222881, 0.8665937352925539, 0.736845163628459, 0.6979639567434788, 0.7877883464097977, 0.6789133623242378, 0.7479156516492367, 0.7640944588929415, 0.7636593095958233, 0.7883358765393496, 0.7353293634951115, 0.8439469933509827, 0.9013395155780017, 0.7397815715521574, 0.9287320012226701, 0.7519285641610622], "val_acc": [0.881578947368421, 0.8947368421052632, 0.9407894736842105, 0.9276315789473685, 0.9539473684210527, 0.9407894736842105, 0.9407894736842105, 0.9473684210526315, 0.9473684210526315, 0.9342105263157895, 0.9539473684210527, 0.9539473684210527, 0.9473684210526315, 0.9473684210526315, 0.9605263157894737, 0.9539473684210527, 0.9605263157894737, 0.9473684210526315, 0.9605263157894737, 0.9407894736842105, 0.9605263157894737, 0.9605263157894737, 0.9605263157894737, 0.9605263157894737, 0.9473684210526315, 0.9605263157894737, 0.9605263157894737], "val_f1": [0.8769772411241421, 0.8915954748909996, 0.9396778058615696, 0.9253874876561593, 0.9525808809658554, 0.9384481168198274, 0.9401953348282989, 0.9459120020367026, 0.9464490154780105, 0.9338302075291767, 0.9525808809658554, 0.9531493129405678, 0.9461030979666908, 0.9462157536667334, 0.9598363073113575, 0.9525707147487591, 0.9598363073113575, 0.946438849260914, 0.9598464735284539, 0.9401816286879479, 0.9598363073113575, 0.9598363073113575, 0.9598363073113575, 0.9598363073113575, 0.9474318639276494, 0.9598363073113575, 0.9598363073113575], "val_recall": [0.881578947368421, 0.8947368421052632, 0.9407894736842105, 0.9276315789473685, 0.9539473684210527, 0.9407894736842105, 0.9407894736842105, 0.9473684210526315, 0.9473684210526315, 0.9342105263157895, 0.9539473684210527, 0.9539473684210527, 0.9473684210526315, 0.9473684210526315, 0.9605263157894737, 0.9539473684210527, 0.9605263157894737, 0.9473684210526315, 0.9605263157894737, 0.9407894736842105, 0.9605263157894737, 0.9605263157894737, 0.9605263157894737, 0.9605263157894737, 0.9473684210526315, 0.9605263157894737, 0.9605263157894737], "val_precision": [0.8834143652400229, 0.9032284870512584, 0.9422235168799792, 0.9272740030311492, 0.9564410016977929, 0.9459195233696195, 0.9411129680720618, 0.9482696152853854, 0.947239612808904, 0.935329861111111, 0.9564410016977929, 0.9537923411094351, 0.9502483182847147, 0.9506578947368421, 0.9608169068340914, 0.956403259569378, 0.9608169068340914, 0.9472018706804891, 0.9608546489625065, 0.9410615198032961, 0.9608169068340914, 0.9608169068340914, 0.9608169068340914, 0.9608169068340914, 0.9485183128275235, 0.9608169068340914, 0.9608169068340914]}