{"train_loss": [78.46358194947243, 31.342995308339596, 23.155177421867847, 19.86372697725892, 16.6746706366539, 15.764583632349968, 13.091539775952697, 13.122383512556553, 10.809184538200498, 9.953844523057342, 8.685855043120682, 7.662118514068425, 7.356305909343064, 6.802271124906838, 6.460961800999939, 5.774353771004826, 5.002784675452858, 4.976563957985491, 4.252603279426694, 3.7504994980990887, 3.367981804534793, 3.1847014473751187, 3.3749290022533387, 2.802772462600842, 2.4224204036872834, 1.959147781599313, 1.7260598333086818, 1.654619459528476, 1.368177696596831, 1.208701197989285, 1.1616904577240348, 1.056505155051127, 0.8293318712967448], "train_acc": [0.8928571428571429, 0.8928571428571429, 0.8928571428571429, 0.8571428571428571, 0.9642857142857143, 0.9285714285714286, 0.9285714285714286, 1.0, 0.9642857142857143, 1.0, 1.0, 0.9642857142857143, 1.0, 1.0, 0.9642857142857143, 1.0, 1.0, 1.0, 1.0, 0.9642857142857143, 1.0, 1.0, 1.0, 1.0, 0.9642857142857143, 1.0, 1.0, 1.0, 0.9642857142857143, 1.0, 1.0, 1.0, 1.0], "val_loss": [2.146266460418701, 1.3620255440473557, 1.0444466322660446, 1.0146594569087029, 0.8991397321224213, 0.8384652882814407, 0.844962015748024, 0.8454575464129448, 0.7805269435048103, 0.8032195456326008, 0.7280283607542515, 0.7024666136130691, 0.6922850906848907, 0.7194327488541603, 0.7762572653591633, 0.8005866408348083, 0.8240068927407265, 1.0082286931574345, 0.8891285583376884, 0.7780947983264923, 0.8744148458354175, 0.822246503084898, 0.6346227983012795, 0.7840184955857694, 0.7652420904487371, 0.8333645351231098, 0.742867685854435, 0.7879212349653244, 0.7814551703631878, 0.9102566810324788, 0.8839851776137948, 0.7700500003993511, 0.9663443970493972], "val_acc": [0.8618421052631579, 0.9210526315789473, 0.9342105263157895, 0.9407894736842105, 0.9473684210526315, 0.9473684210526315, 0.9473684210526315, 0.9473684210526315, 0.9539473684210527, 0.9539473684210527, 0.9605263157894737, 0.9605263157894737, 0.9539473684210527, 0.9605263157894737, 0.9539473684210527, 0.9539473684210527, 0.9473684210526315, 0.9342105263157895, 0.9473684210526315, 0.9605263157894737, 0.9539473684210527, 0.9605263157894737, 0.9539473684210527, 0.9605263157894737, 0.9605263157894737, 0.9605263157894737, 0.9605263157894737, 0.9605263157894737, 0.9473684210526315, 0.9605263157894737, 0.9605263157894737, 0.9605263157894737, 0.9605263157894737], "val_f1": [0.8576530480154342, 0.9185657514652934, 0.93331612548424, 0.9395767964634046, 0.9459419237625268, 0.946438849260914, 0.9464691035498349, 0.9455447330447331, 0.9525808809658554, 0.9529099328781723, 0.9598464735284539, 0.9598464735284539, 0.9525808809658554, 0.9598464735284539, 0.9525707147487591, 0.9533430633480444, 0.946438849260914, 0.933114195581166, 0.9464321498790077, 0.9598363073113575, 0.9531493129405678, 0.9598363073113575, 0.952899766661076, 0.9598363073113575, 0.9598363073113575, 0.9600643121873186, 0.9598363073113575, 0.9598363073113575, 0.9474318639276494, 0.9598363073113575, 0.9598363073113575, 0.9598363073113575, 0.9598363073113575], "val_recall": [0.8618421052631579, 0.9210526315789473, 0.9342105263157895, 0.9407894736842105, 0.9473684210526315, 0.9473684210526315, 0.9473684210526315, 0.9473684210526315, 0.9539473684210527, 0.9539473684210527, 0.9605263157894737, 0.9605263157894737, 0.9539473684210527, 0.9605263157894737, 0.9539473684210527, 0.9539473684210527, 0.9473684210526315, 0.9342105263157895, 0.9473684210526315, 0.9605263157894737, 0.9539473684210527, 0.9605263157894737, 0.9539473684210527, 0.9605263157894737, 0.9605263157894737, 0.9605263157894737, 0.9605263157894737, 0.9605263157894737, 0.9473684210526315, 0.9605263157894737, 0.9605263157894737, 0.9605263157894737, 0.9605263157894737], "val_precision": [0.8754384653319903, 0.9236792806497469, 0.9334479722491712, 0.9422168848765834, 0.9479999918375341, 0.9472018706804891, 0.9470131351564394, 0.9510208461954006, 0.9564410016977929, 0.9542327901968182, 0.9608546489625065, 0.9608546489625065, 0.9564410016977929, 0.9608546489625065, 0.956403259569378, 0.954233120680489, 0.9472018706804891, 0.9351882629431971, 0.9480401067837401, 0.9608169068340914, 0.9537923411094351, 0.9608169068340914, 0.9541950480684033, 0.9608169068340914, 0.9608169068340914, 0.9606345408976987, 0.9608169068340914, 0.9608169068340914, 0.9485183128275235, 0.9608169068340914, 0.9608169068340914, 0.9608169068340914, 0.9608169068340914]}