{"train_loss": [84.08165815472603, 32.60837832093239, 24.19020539522171, 20.865975871682167, 17.43017965555191, 15.268177304416895, 15.235353920608759, 12.49190878123045, 11.230733739212155, 10.138956932350993, 9.559272972866893, 8.494831351563334, 7.742871434427798, 7.477569212205708, 6.764856125228107, 6.147075498942286, 5.542380932718515, 5.722771118860692, 5.2087658531963825, 4.893340996466577, 3.9670761397574097, 3.374204324092716, 3.082850422244519, 2.618138873251155, 2.3316030302084982, 2.263294824399054], "train_acc": [0.8571428571428571, 0.8571428571428571, 0.8928571428571429, 0.8928571428571429, 0.8571428571428571, 1.0, 0.9642857142857143, 0.9642857142857143, 0.9642857142857143, 1.0, 0.9642857142857143, 0.9642857142857143, 0.9285714285714286, 1.0, 0.9642857142857143, 1.0, 0.9285714285714286, 1.0, 1.0, 1.0, 1.0, 1.0, 1.0, 1.0, 1.0, 1.0], "val_loss": [2.3427052199840546, 1.379971221089363, 1.0929086804389954, 0.9963652640581131, 1.0139072835445404, 1.356561340391636, 0.8573738634586334, 0.8249061554670334, 0.7465866915881634, 0.821942106820643, 0.7896997481584549, 0.7188129909336567, 0.836204057559371, 0.7664340324699879, 0.6749038584530354, 0.6507491357624531, 0.6561909280717373, 0.660860825330019, 0.6861186921596527, 0.9608805943280458, 0.8711731545627117, 0.7411686526611447, 0.7206387668848038, 0.7633275967091322, 0.8255105782300234, 0.7289749793708324], "val_acc": [0.8486842105263158, 0.9144736842105263, 0.9342105263157895, 0.9342105263157895, 0.9407894736842105, 0.9078947368421053, 0.9473684210526315, 0.9407894736842105, 0.9605263157894737, 0.9539473684210527, 0.9539473684210527, 0.9539473684210527, 0.9539473684210527, 0.9539473684210527, 0.9605263157894737, 0.9539473684210527, 0.9605263157894737, 0.9539473684210527, 0.9605263157894737, 0.9539473684210527, 0.9473684210526315, 0.9605263157894737, 0.9605263157894737, 0.9605263157894737, 0.9539473684210527, 0.9539473684210527], "val_f1": [0.8411249157384959, 0.9126044277360066, 0.9333163024804028, 0.9330446369834516, 0.9395517482230165, 0.9057623497397898, 0.9464691035498349, 0.9401953348282989, 0.9595690675495178, 0.9525808809658554, 0.9525808809658554, 0.9531493129405678, 0.9525707147487591, 0.9531493129405678, 0.960074478404415, 0.953368867525452, 0.9598464735284539, 0.9531493129405678, 0.9598363073113575, 0.9525707147487591, 0.9459317575454304, 0.9598363073113575, 0.9598363073113575, 0.9598363073113575, 0.9531493129405678, 0.952899766661076], "val_recall": [0.8486842105263158, 0.9144736842105263, 0.9342105263157895, 0.9342105263157895, 0.9407894736842105, 0.9078947368421053, 0.9473684210526315, 0.9407894736842105, 0.9605263157894737, 0.9539473684210527, 0.9539473684210527, 0.9539473684210527, 0.9539473684210527, 0.9539473684210527, 0.9605263157894737, 0.9539473684210527, 0.9605263157894737, 0.9539473684210527, 0.9605263157894737, 0.9539473684210527, 0.9473684210526315, 0.9605263157894737, 0.9605263157894737, 0.9605263157894737, 0.9539473684210527, 0.9539473684210527], "val_precision": [0.868467298669861, 0.9151191388446345, 0.9332432644110275, 0.934164593551531, 0.9438733552631579, 0.9219911415050784, 0.9470131351564394, 0.9411129680720618, 0.9622108446519524, 0.9564410016977929, 0.9564410016977929, 0.9537923411094351, 0.956403259569378, 0.9537923411094351, 0.9606722830261137, 0.9542455214741399, 0.9608546489625065, 0.9537923411094351, 0.9608169068340914, 0.956403259569378, 0.9479622497091195, 0.9608169068340914, 0.9608169068340914, 0.9608169068340914, 0.9537923411094351, 0.9541950480684033]}