{
    "train_loss": [
        1.727442449325269,
        1.3533740639085126,
        1.1180475620039778,
        1.0306096946675891,
        0.9655661612418297,
        0.9407165630915091,
        0.8909486755352809,
        0.8304822120127596,
        0.8130873303360463,
        0.8035824935202882,
        0.8049900999102896,
        0.7978405085750353,
        0.7822724509792539,
        0.7776368991157,
        0.770696073800596,
        0.76198854299655,
        0.7819846264048133,
        0.773960918278314,
        0.7611784190089864,
        0.7529342905303423,
        0.7671377122642775,
        0.7670197685359104,
        0.7618157052849424,
        0.7634780467097863,
        0.7656330136670595
    ],
    "train_accuracy": [
        0.47426841574167505,
        0.6987891019172553,
        0.7926337033299697,
        0.8400605449041373,
        0.8647830474268415,
        0.8718466195761857,
        0.87941473259334,
        0.8935418768920282,
        0.8995963673057518,
        0.9006054490413723,
        0.8990918264379415,
        0.9016145307769929,
        0.9031281533804238,
        0.9076690211907165,
        0.9026236125126135,
        0.9106962663975782,
        0.9031281533804238,
        0.9016145307769929,
        0.9101917255297679,
        0.9167507568113017,
        0.908678102926337,
        0.9076690211907165,
        0.9117053481331988,
        0.9066599394550958,
        0.9091826437941474
    ],
    "val_loss": [
        1.134452022427805,
        0.8890155810770635,
        0.8434125088128942,
        0.8010376757109544,
        0.7636286824836327,
        0.7591361795213113,
        0.721395291414362,
        0.7114770505116601,
        0.7045833895989947,
        0.6988164597181044,
        0.6947517213888809,
        0.6957997919813904,
        0.6928409418031942,
        0.6863629099758269,
        0.6862040627550321,
        0.6856457685834527,
        0.6859550484498903,
        0.6853406686243657,
        0.6852047295957909,
        0.6841977074373737,
        0.6836748102107233,
        0.6836471277496419,
        0.6835710972863457,
        0.6834604693807056,
        0.6834326569688615
    ],
    "val_accuracy": [
        0.6713780918727915,
        0.7632508833922261,
        0.8056537102473498,
        0.8551236749116607,
        0.8586572438162544,
        0.8445229681978799,
        0.8551236749116607,
        0.8515901060070671,
        0.8515901060070671,
        0.8480565371024735,
        0.8480565371024735,
        0.8480565371024735,
        0.8515901060070671,
        0.8480565371024735,
        0.8445229681978799,
        0.8445229681978799,
        0.8445229681978799,
        0.8445229681978799,
        0.8445229681978799,
        0.8445229681978799,
        0.8445229681978799,
        0.8445229681978799,
        0.8445229681978799,
        0.8445229681978799,
        0.8445229681978799
    ]
}