{
    "train_loss": [
        0.8668301065201476,
        0.6587038248867608,
        0.5390705034422465,
        0.502733592579271,
        0.46085650402409756,
        0.4464025900113715,
        0.42141058635038037,
        0.3951533572705074,
        0.3997318146207138,
        0.4095283582821624,
        0.4061235027645238,
        0.39519407605427187,
        0.3890060951141969,
        0.3919669589409313,
        0.38868464915952095,
        0.39556875298651145,
        0.38672949648889837,
        0.3913524477440943,
        0.3849316502796292,
        0.38694328526796173,
        0.38835406428208624,
        0.3910461842532596,
        0.3818552711175982,
        0.3889528291316855,
        0.3879824077445491
    ],
    "train_accuracy": [
        0.46871846619576185,
        0.6992936427850656,
        0.7966700302724521,
        0.8178607467204844,
        0.8511604439959637,
        0.8597376387487387,
        0.8753784056508577,
        0.8884964682139254,
        0.8935418768920282,
        0.8920282542885973,
        0.8915237134207871,
        0.8995963673057518,
        0.9016145307769929,
        0.8970736629667003,
        0.8985872855701312,
        0.8990918264379415,
        0.9031281533804238,
        0.8935418768920282,
        0.8980827447023209,
        0.905146316851665,
        0.8935418768920282,
        0.8965691220988901,
        0.8975782038345106,
        0.8965691220988901,
        0.8980827447023209
    ],
    "val_loss": [
        0.69231000300431,
        0.4991561062765627,
        0.42844909397957603,
        0.4037035042321303,
        0.3660632139170549,
        0.3757337461301379,
        0.3501798245173882,
        0.34333188405306514,
        0.3447638985967468,
        0.34646255009587157,
        0.34338528296972753,
        0.34222321133310296,
        0.34069247654385787,
        0.3386108883699343,
        0.33846109505255734,
        0.3381954135616761,
        0.3380370591849405,
        0.3378567179605733,
        0.33788712391162506,
        0.33751783027665777,
        0.33754057292382206,
        0.3375276169170339,
        0.3375079281127916,
        0.33748532068181797,
        0.3374656244006679
    ],
    "val_accuracy": [
        0.5371024734982333,
        0.7773851590106007,
        0.8056537102473498,
        0.823321554770318,
        0.8409893992932862,
        0.8586572438162544,
        0.8621908127208481,
        0.8621908127208481,
        0.872791519434629,
        0.8657243816254417,
        0.8692579505300353,
        0.8692579505300353,
        0.872791519434629,
        0.872791519434629,
        0.872791519434629,
        0.872791519434629,
        0.872791519434629,
        0.872791519434629,
        0.872791519434629,
        0.872791519434629,
        0.8692579505300353,
        0.8692579505300353,
        0.8692579505300353,
        0.8692579505300353,
        0.8692579505300353
    ]
}