{
    "train_loss": [
        1.4935150129643506,
        1.1295053163161792,
        0.9556130579213201,
        0.8926006622920725,
        0.8481287360792805,
        0.8246205946511385,
        0.7898823324173658,
        0.7427479470173117,
        0.7245301834629956,
        0.7217147754492119,
        0.7218467472299678,
        0.7157555511211892,
        0.7066279181798941,
        0.6999651389995328,
        0.6994457242467208,
        0.7030353842662153,
        0.7043688463876033,
        0.7016747991444485,
        0.7053158571332784,
        0.6951107181886852,
        0.6909036209316235,
        0.6857042496067244,
        0.693766931472224,
        0.6953142822450393,
        0.7008728172656385
    ],
    "train_accuracy": [
        0.48688193743693237,
        0.7260343087790111,
        0.8072653884964682,
        0.8395560040363269,
        0.850151362260343,
        0.8592330978809284,
        0.8652875882946519,
        0.887991927346115,
        0.887991927346115,
        0.8884964682139254,
        0.8874873864783047,
        0.8895055499495459,
        0.8940464177598385,
        0.8955600403632694,
        0.8915237134207871,
        0.8910191725529768,
        0.8910191725529768,
        0.8955600403632694,
        0.8884964682139254,
        0.8910191725529768,
        0.8965691220988901,
        0.8975782038345106,
        0.8945509586276489,
        0.8975782038345106,
        0.8940464177598385
    ],
    "val_loss": [
        1.0429282870814993,
        0.7538332140909066,
        0.7060370342049076,
        0.6829700221442502,
        0.6646975516851715,
        0.6857357435849867,
        0.6141689619832662,
        0.6079753021258769,
        0.6027777180233608,
        0.5993073134034766,
        0.5959453179431888,
        0.5951467595546911,
        0.5895077607235724,
        0.5841980456463439,
        0.5839601863610029,
        0.5839253393373726,
        0.5841262123610022,
        0.5832379873144332,
        0.5833627849080116,
        0.5832820741110892,
        0.5831761714005218,
        0.5830711288502697,
        0.5830265917542123,
        0.5830001973221243,
        0.5830370298333387
    ],
    "val_accuracy": [
        0.696113074204947,
        0.8056537102473498,
        0.8445229681978799,
        0.8445229681978799,
        0.872791519434629,
        0.8551236749116607,
        0.872791519434629,
        0.872791519434629,
        0.8692579505300353,
        0.872791519434629,
        0.8692579505300353,
        0.872791519434629,
        0.872791519434629,
        0.872791519434629,
        0.872791519434629,
        0.872791519434629,
        0.872791519434629,
        0.872791519434629,
        0.872791519434629,
        0.872791519434629,
        0.872791519434629,
        0.872791519434629,
        0.872791519434629,
        0.872791519434629,
        0.872791519434629
    ]
}