{
    "train_loss": [
        1.520982716807684,
        1.1947081953918657,
        1.104742902198545,
        1.072074707413297,
        1.0566157611419646,
        1.0448422911910549,
        1.0290148174004887,
        1.0183464067374421,
        1.0162142316700833,
        1.017623106839077,
        1.0145771095658889,
        1.013026600408506,
        1.009697990749486,
        1.0089656594542995,
        1.0075204454805968,
        1.006980253697404,
        1.00679228151843,
        1.0058150418952303,
        1.0068506437882887,
        1.00638923310608,
        1.007857097386111,
        1.0074667238924506,
        1.0075197784017722,
        1.0066989079253104,
        1.0040126250442174
    ],
    "train_accuracy": [
        0.5045408678102926,
        0.7563067608476287,
        0.8203834510595358,
        0.8466195761856711,
        0.8602421796165489,
        0.8733602421796165,
        0.8874873864783047,
        0.8925327951564077,
        0.8965691220988901,
        0.8950554994954592,
        0.8995963673057518,
        0.9021190716448032,
        0.9041372351160444,
        0.9071644803229062,
        0.908678102926337,
        0.9096871846619576,
        0.9071644803229062,
        0.908678102926337,
        0.9081735620585267,
        0.9076690211907165,
        0.9081735620585267,
        0.9101917255297679,
        0.908678102926337,
        0.9112008072653885,
        0.9117053481331988
    ],
    "val_loss": [
        1.3353075526207159,
        1.1418897414797187,
        1.1049364055424613,
        1.0975719513404496,
        1.083808746860221,
        1.0647096372745906,
        1.0669726432422868,
        1.0557461201934006,
        1.053921121379933,
        1.0544346516208176,
        1.0544429973241718,
        1.052704000430899,
        1.0504986544801154,
        1.0495926167012946,
        1.0500342546840438,
        1.0501877680262912,
        1.0498266249579171,
        1.0502568371725587,
        1.0499423858133727,
        1.0497394951830483,
        1.0497252926388394,
        1.0497682461047761,
        1.0497620029921246,
        1.0497836714919802,
        1.0497758750780732
    ],
    "val_accuracy": [
        0.6466431095406361,
        0.7703180212014135,
        0.8091872791519434,
        0.8091872791519434,
        0.8197879858657244,
        0.8480565371024735,
        0.8374558303886925,
        0.8551236749116607,
        0.8586572438162544,
        0.8551236749116607,
        0.8586572438162544,
        0.8621908127208481,
        0.8657243816254417,
        0.8657243816254417,
        0.8657243816254417,
        0.8657243816254417,
        0.8657243816254417,
        0.8657243816254417,
        0.8657243816254417,
        0.8692579505300353,
        0.8692579505300353,
        0.8692579505300353,
        0.8692579505300353,
        0.8692579505300353,
        0.8692579505300353
    ]
}